lambda_h_over_Jbar,h,t,N_geometries,Delta_I3_mean,Delta_I3_median,Delta_I3_std,frac_geometry_frustrated_gt_non,Delta_mean_J_rho_exp_mean,Delta_mean_J_rho_exp_median,Delta_mean_S_L_mean,Delta_mean_S_L_median,Delta_mean_P_pair_mean,Delta_mean_P_pair_median,Delta_mean_N_pair_sum_mean,Delta_mean_N_pair_sum_median
0.75,0.75,0.1,196,-1.3450070591727507e-07,0.0,1.829577414009516e-07,0.00510204081632653,0.00727120364511508,0.005342066576184745,-2.1179877579660157e-12,-1.925085091336598e-12,0.0013806825617241438,0.001246654597973268,0.0007402256205156323,0.0007718547541487597
0.75,0.75,0.3,196,-7.758168004951735e-05,-1.651076722928896e-05,9.678604640339675e-05,0.015306122448979591,0.006430576468016272,0.003498724432890239,-1.0967060513418588e-08,-9.758300056894598e-09,0.047801279151910216,0.04369520312874242,0.003875360720486633,0.0038084989075626297
0.75,0.75,0.5,196,-0.0010391136155247147,-0.00045021196750448067,0.0013416311879355602,0.07653061224489796,-0.009811900431283643,-0.004757124774481411,9.84601065892287e-07,8.182871953227311e-07,0.1279463191389257,0.10827880447886717,-0.03593145575525324,-0.02641861425453343
0.75,0.75,0.9,196,-0.005700520233130493,-0.004907248557279283,0.009638534182455293,0.18877551020408162,-0.005389581925277661,0.000766220256296482,0.00025343461275322086,0.00017751689836299767,0.0650399204118273,0.043228440418793035,0.03317180696627769,0.027065319665724147
0.75,0.75,1.3,196,-0.017349159431709883,-0.016096035091988165,0.02794761733505509,0.22959183673469388,0.018982399561220054,0.01492817930119602,0.0023114991310715298,0.001214207964435332,0.12469608948053401,0.09736503981844724,0.03019268774057915,0.02435609346207987
0.75,0.75,2.0,196,-0.0009018395457769232,-0.002236514684616095,0.04870155117524947,0.4642857142857143,0.006826121400349519,0.008327865258090934,0.00783017837661198,0.003259183451419276,0.22733074618603177,0.2331945326264384,0.012339450041032029,0.009949809562010442
1.0,1.0,0.1,196,-3.0090213965129166e-07,0.0,4.0643664202090803e-07,0.00510204081632653,0.012547339896931397,0.00979419718209762,-5.859835151125475e-12,-5.324907181858407e-12,0.0018663456384603353,0.0016819347396447304,0.0009922790808261717,0.0010320025354539492
1.0,1.0,0.3,196,-0.00016339504810346947,-5.7805285131116275e-05,0.00020056147212011298,0.015306122448979591,0.0027242525339708115,0.00018251869487630884,1.1233705135758689e-08,9.15661724221195e-09,0.0642039483149128,0.05849837957111481,0.005866017479742873,0.00577292393521206
1.0,1.0,0.5,196,-0.0019324071153591685,-0.0009735217151875947,0.0023931234747727936,0.0663265306122449,-0.007727298989720036,-0.0012738790182927895,7.5682390041705105e-06,6.361896057821559e-06,0.17271938534152548,0.1473273035700624,-0.01622173021109943,-0.006390720828155366
1.0,1.0,0.9,196,-0.0072571914410098845,-0.005934598790111734,0.008670492395036386,0.14795918367346939,0.005879458730771973,0.0068015476616652346,0.0008592617435702158,0.0006760801951893602,0.21397656911855537,0.17901648570422313,0.04630336192195181,0.03975943458203415
1.0,1.0,1.3,196,-0.018467865471974442,-0.01624842357195291,0.023867239071731244,0.2653061224489796,0.03712894464256656,0.030954095098691632,0.004501241382769162,0.003271937826905283,0.12110111770721667,0.06042521679738189,0.033552769294573764,0.021508582647128516
1.0,1.0,2.0,196,0.007736505745550419,0.005677901785096712,0.018664114159006224,0.5714285714285714,-0.010555701747521089,0.003493274662555626,0.002261657656133078,0.0010454907003102087,0.09956470733935187,0.09082749122568856,0.0082671628409271,0.0002547443886400935
1.25,1.25,0.1,196,-5.652764690860048e-07,0.0,7.511873069403689e-07,0.00510204081632653,0.01887707254047582,0.015051417041371931,-1.222499256021148e-11,-1.1105963371171867e-11,0.0023602254649650023,0.002124517714078039,0.0012458140669732807,0.0012926395035135901
1.25,1.25,0.3,196,-0.00027978727814952277,-0.00012751785411995733,0.0003385551934186174,0.015306122448979591,-0.006814115051088779,-0.0033584296991482354,1.2692901857828869e-07,1.0952666398833522e-07,0.07953302747508009,0.07223861079377547,0.008729736128725267,0.008951689276346736
1.25,1.25,0.5,196,-0.002836635581068026,-0.0015799676761106456,0.0033413440400507457,0.061224489795918366,0.0019204906558030516,0.01222608041007349,2.444670695796223e-05,2.0491186381754734e-05,0.20890477535541505,0.17837714515658876,0.012047843456017756,0.0127353870302305
1.25,1.25,0.9,196,-0.007719188564303293,-0.0070181290768165355,0.006586393134944663,0.07142857142857142,0.05122789379111267,0.04377561279130826,0.0014846252031333169,0.001242309866594446,0.26020178173992403,0.24085862696242555,0.05066472516959176,0.04299446968143433
1.25,1.25,1.3,196,-0.010166528484317084,-0.010420098740681685,0.01175303295898585,0.1683673469387755,-0.010669036190605441,-0.01218218208767452,0.003728219012151202,0.003030211386516976,0.06819974049018789,0.04953107472943458,0.007255389583979455,0.006954938083109874
1.25,1.25,2.0,196,0.0003863129783252873,-0.002154030737389935,0.01895677138934395,0.45408163265306123,0.030384931916010598,0.006722798756496562,-0.004958682684370911,-0.0034032532823478068,-0.11079403182468107,-0.1396730553619635,0.009694592809351128,0.013339854631404136
1.5,1.5,0.1,196,-9.381764972049311e-07,0.0,1.2410996768117807e-06,0.00510204081632653,0.02589447265275254,0.020917319890747632,-2.0974184973854962e-11,-1.9045931498595792e-11,0.002859438968295139,0.00257125494955851,0.0015001482673027118,0.0015522649002887579
1.5,1.5,0.3,196,-0.0004178480611796382,-0.00019379581949832182,0.0004992829728061017,0.015306122448979591,-0.021517438697821658,-0.01277299481811045,4.326119061101472e-07,3.8107622445104905e-07,0.09304537604636506,0.08417134874854204,0.012500067956936214,0.012896173252185256
1.5,1.5,0.5,196,-0.003504766182861953,-0.0022602571209443282,0.003909107118737964,0.04591836734693878,-0.004513847686992856,0.00018581507252793394,5.335133751888071e-05,4.4678415532864446e-05,0.23090401220013687,0.19802618973050323,0.03893875989973148,0.03873763365626026
1.5,1.5,0.9,196,-0.0068567256708922004,-0.006088219641592859,0.004806652222083631,0.015306122448979591,0.10990054345681224,0.08772828567103796,0.0016348427407215705,0.001372752889094428,0.14884133186002374,0.1361139121860343,0.02529899021004631,0.017607757185116896
1.5,1.5,1.3,196,-0.0021434890216932537,-0.0018202221352154185,0.005248597841925753,0.32653061224489793,0.012779205073444816,0.023437050966513828,0.0011245787267835038,0.0009204437179862052,0.07225192197839368,0.039403537385599485,0.013581987123026776,0.009428359902894562
1.5,1.5,2.0,196,-0.024943547136580414,-0.02662841573820886,0.0181382395973914,0.12755102040816327,0.03750806680929047,-0.0018270360269817265,-0.003597874412365863,-0.002291324580662446,0.008945832668063656,0.02870138505921549,0.006396533567224415,0.015349459771371532
