regime_label,description,sign,sign_label,lambda_h_over_Jbar,Jbar_RMS,R_internal_norm,h,J_CD,include_D_transverse,env_label,t,N,corr_J_rho_exp,corr_eta,corr_S_L,corr_P_pair,corr_N_pair_sum,corr_J_tot,mean_J_tot,std_J_tot,min_J_tot,max_J_tot,J_tot_analytic,max_I3_minus,mean_I3_minus,median_I3_minus,max_J_rho_exp,mean_J_rho_exp,median_J_rho_exp,mean_S_ABC,mean_S_L,mean_P_pair,mean_N_pair_sum,theta_at_max_I3,phi_at_max_I3
FM_near_critical_like,"ferromagnetic-like, near-critical-like finite-size regime",-1.0,FM_like_all_negative,1.0,1.0,1.7320508075688772,1.0,0.2,True,D_with_TF,0.02,400,-0.4842793684917637,-0.4842793684917636,,-0.5793028135814265,-0.053001671007841235,,1.7320508075688772,1.7342238036525468e-16,1.7320508075688767,1.7320508075688776,1.7320508075688772,8.084911778377672e-08,1.886591454148143e-08,0.0,0.3572444523495059,0.19487376152817848,0.18714159418137483,1.727692222723205e-07,1.2017480486847809e-08,0.020887981618182377,0.0420144194567718,1.5707963267948966,0.24802047265182575
FM_near_critical_like,"ferromagnetic-like, near-critical-like finite-size regime",-1.0,FM_like_all_negative,1.0,1.0,1.7320508075688772,1.0,0.2,True,D_with_TF,0.04,400,-0.49268293040349914,-0.49268293040349936,-0.19157379875931393,-0.6247878772204101,-0.040375225996600574,,1.7320508075688772,1.7342238036525468e-16,1.7320508075688767,1.7320508075688776,1.7320508075688772,1.1307965320093868e-06,2.7007514715919616e-07,0.0,0.3743246426666863,0.20145954705235616,0.19216645653697614,2.3989454513173056e-06,1.9392721523264766e-07,0.07040891637390682,0.08296419251736324,1.2611549948380762,0.0
FM_near_critical_like,"ferromagnetic-like, near-critical-like finite-size regime",-1.0,FM_like_all_negative,1.0,1.0,1.7320508075688772,1.0,0.2,True,D_with_TF,0.06,400,-0.4998360225860933,-0.49983602258609283,-0.16640175008609503,-0.6672371720722582,-0.0301572946874148,,1.7320508075688772,1.7342238036525468e-16,1.7320508075688767,1.7320508075688776,1.7320508075688772,5.258699393542722e-06,1.281335322289076e-06,0.0,0.39213583274378366,0.20817534806976312,0.19663823726176294,1.1068838498449559e-05,9.887010882705939e-07,0.14101404299091308,0.12261190595527083,1.2611549948380762,0.0
FM_near_critical_like,"ferromagnetic-like, near-critical-like finite-size regime",-1.0,FM_like_all_negative,1.0,1.0,1.7320508075688772,1.0,0.2,True,D_with_TF,0.08,400,-0.5068698862377519,-0.5068698862377519,-0.14026782561608822,-0.6997450041548119,-0.020781352198635434,,1.7320508075688772,1.7342238036525468e-16,1.7320508075688767,1.7320508075688776,1.7320508075688772,1.559713811162933e-05,3.879152317651955e-06,0.0,0.4102074075183307,0.21496344695599703,0.2005526145021874,3.255613324056372e-05,3.142094817286667e-06,0.22828155437545697,0.16072973468101381,1.5707963267948966,0.3306939635357677
FM_near_critical_like,"ferromagnetic-like, near-critical-like finite-size regime",-1.0,FM_like_all_negative,1.0,1.0,1.7320508075688772,1.0,0.2,True,D_with_TF,0.1,400,-0.5138737787518943,-0.5138737787518943,-0.11304754620071,-0.7174040543617483,-0.01212269861680987,,1.7320508075688772,1.7342238036525468e-16,1.7320508075688767,1.7320508075688776,1.7320508075688772,3.6198755414740386e-05,9.193257960867848e-06,0.0,0.4283173977918459,0.22177229322463282,0.2039107479038755,7.481832242111651e-05,7.701652188549512e-06,0.3287278499517721,0.19710211413589498,1.5707963267948966,0.3306939635357677
FM_near_critical_like,"ferromagnetic-like, near-critical-like finite-size regime",-1.0,FM_like_all_negative,1.0,1.0,1.7320508075688772,1.0,0.2,True,D_with_TF,0.14,400,-0.5292086005245197,-0.5292086005245193,-0.05647470192315381,-0.7028697154641975,0.0036330839473503298,,1.7320508075688772,1.7342238036525468e-16,1.7320508075688767,1.7320508075688776,1.7320508075688772,0.0001284932082411965,3.4174234794998895e-05,8.97990449361119e-17,0.4637653378669153,0.23527042046312718,0.20800196597123238,0.00025946473251740605,2.9681990488776013e-05,0.5573543084693718,0.26382512763389343,1.4933859938056915,0.3306939635357677
FM_near_critical_like,"ferromagnetic-like, near-critical-like finite-size regime",-1.0,FM_like_all_negative,1.0,1.0,1.7320508075688772,1.0,0.2,True,D_with_TF,0.18,400,-0.5471455782590392,-0.5471455782590386,-0.0006307602546618392,-0.6422120500946765,0.015035068567783453,,1.7320508075688772,1.7342238036525468e-16,1.7320508075688767,1.7320508075688776,1.7320508075688772,0.0003312623345827178,9.25620242755807e-05,7.27492711889683e-06,0.4967462870773186,0.24829903089487884,0.21007892226012156,0.000648389796079414,8.085930554307009e-05,0.8057989554924674,0.32139856369473874,1.4933859938056915,0.4133674544197096
FM_near_critical_like,"ferromagnetic-like, near-critical-like finite-size regime",-1.0,FM_like_all_negative,1.0,1.0,1.7320508075688772,1.0,0.2,True,D_with_TF,0.21999999999999997,400,-0.5665909760989115,-0.566590976098912,0.04644369350308981,-0.5680087186733321,0.016815727992939306,,1.7320508075688772,1.7342238036525468e-16,1.7320508075688767,1.7320508075688776,1.7320508075688772,0.0007084548520931945,0.0002077604161233971,3.313774798663826e-05,0.5256545456230403,0.26046427644482467,0.2099028289945008,0.001331284984147237,0.0001787751870247886,1.05618297368937,0.36879451144791575,1.4159756608164864,0.4133674544197096
FM_near_critical_like,"ferromagnetic-like, near-critical-like finite-size regime",-1.0,FM_like_all_negative,1.0,1.0,1.7320508075688772,1.0,0.2,True,D_with_TF,0.26,400,-0.5866774165518117,-0.5866774165518116,0.028736472256653916,-0.4980319349942518,-0.0005328723881865836,,1.7320508075688772,1.7342238036525468e-16,1.7320508075688767,1.7320508075688776,1.7320508075688772,0.0013353013692990238,0.00041114204885058534,9.102143803592952e-05,0.5490941057306639,0.27138313986873935,0.21577936664446457,0.002396225020269076,0.0003434917004516097,1.293574996397569,0.40541347560842134,1.4159756608164864,0.4133674544197096
FM_near_critical_like,"ferromagnetic-like, near-critical-like finite-size regime",-1.0,FM_like_all_negative,1.0,1.0,1.7320508075688772,1.0,0.2,True,D_with_TF,0.3,400,-0.6068478377319868,-0.6068478377319863,-0.3909547950600164,-0.4361327550829511,-0.050280453302087656,,1.7320508075688772,1.7342238036525468e-16,1.7320508075688767,1.7320508075688776,1.7320508075688772,0.0023054381746690465,0.0007415002109971103,0.00026505620434082383,0.5659490727820241,0.28072881740218886,0.2256036326122856,0.003923257332727835,0.0005963520120657825,1.5061172397527256,0.43115217674060574,1.4159756608164864,0.4960409453036515
FM_near_critical_like,"ferromagnetic-like, near-critical-like finite-size regime",-1.0,FM_like_all_negative,1.0,1.0,1.7320508075688772,1.0,0.2,True,D_with_TF,0.3277777777777778,400,-0.6202339722137814,-0.6202339722137815,-0.35895785018624254,-0.39674380166888135,-0.1086154788157777,,1.7320508075688772,1.7342238036525468e-16,1.7320508075688767,1.7320508075688776,1.7320508075688772,0.003223065657229938,0.0010687122758189982,0.0004295350310254565,0.5733526026248801,0.28614355394244834,0.2429939976015506,0.0052918247237186255,0.0008351494454715156,1.6343957688700943,0.4428369372304138,1.4159756608164864,0.4960409453036515
FM_near_critical_like,"ferromagnetic-like, near-critical-like finite-size regime",-1.0,FM_like_all_negative,1.0,1.0,1.7320508075688772,1.0,0.2,True,D_with_TF,0.35555555555555557,400,-0.6325136690016179,-0.6325136690016178,-0.37627135683431123,-0.35765552402801254,-0.1789973044747323,,1.7320508075688772,1.7342238036525468e-16,1.7320508075688767,1.7320508075688776,1.7320508075688772,0.004364810228833477,0.0014921659329948048,0.0006563740203079016,0.5770396656802297,0.29058880820203775,0.2471798580125075,0.006934459775911149,0.0011337187980553181,1.7444809599514566,0.4497898152435658,1.4159756608164864,0.5787144361875934
FM_near_critical_like,"ferromagnetic-like, near-critical-like finite-size regime",-1.0,FM_like_all_negative,1.0,1.0,1.7320508075688772,1.0,0.2,True,D_with_TF,0.3833333333333333,400,-0.6434541031011806,-0.6434541031011809,-0.4047339022208157,-0.31681757905355123,-0.24495476701561172,,1.7320508075688772,1.7342238036525468e-16,1.7320508075688767,1.7320508075688776,1.7320508075688772,0.0057671806461326355,0.002024352120461368,0.0010581496671811536,0.5769438075180453,0.29401314027089254,0.25491360238478156,0.008865794585417329,0.0014986005708626693,1.835141361590204,0.4524602074176323,1.4159756608164864,0.5787144361875934
FM_near_critical_like,"ferromagnetic-like, near-critical-like finite-size regime",-1.0,FM_like_all_negative,1.0,1.0,1.7320508075688772,1.0,0.2,True,D_with_TF,0.4111111111111111,400,-0.6525783238931753,-0.652578323893175,-0.4352351199764937,-0.27212326347229504,-0.29076458933455596,,1.7320508075688772,1.7342238036525468e-16,1.7320508075688767,1.7320508075688776,1.7320508075688772,0.0074045215995462935,0.0026747224900674203,0.0016766447642282108,0.5730898955695024,0.29638994192807594,0.2631003283865353,0.011096728040300215,0.0019358417955696575,1.9058525688599721,0.4514364449422598,1.3385653278272813,0.5787144361875934
FM_near_critical_like,"ferromagnetic-like, near-critical-like finite-size regime",-1.0,FM_like_all_negative,1.0,1.0,1.7320508075688772,1.0,0.2,True,D_with_TF,0.4388888888888889,400,-0.6591862474481309,-0.6591862474481309,-0.4643996603149088,-0.22157869810188563,-0.3093368841032965,,1.7320508075688772,1.7342238036525468e-16,1.7320508075688767,1.7320508075688776,1.7320508075688772,0.009250024060130086,0.0034469082254214123,0.0023517768506683785,0.5656251192901873,0.2977186134528731,0.26934432118183227,0.013634536188138334,0.0024509095492585647,1.9567461840963103,0.4474540549213289,1.3385653278272813,0.5787144361875934
FM_near_critical_like,"ferromagnetic-like, near-critical-like finite-size regime",-1.0,FM_like_all_negative,1.0,1.0,1.7320508075688772,1.0,0.2,True,D_with_TF,0.4666666666666667,400,-0.663348334939838,-0.6633483349398384,-0.49041850436886264,-0.16355607993900492,-0.2971130986212074,,1.7320508075688772,1.7342238036525468e-16,1.7320508075688767,1.7320508075688776,1.7320508075688772,0.011312465919398471,0.00434054729033508,0.00314685074597585,0.5550623181483078,0.29802499258488957,0.27571875414288205,0.016483053735570467,0.0030486258096962737,1.9885434415593994,0.4414119071337144,1.3385653278272813,0.6613879270715354
FM_near_critical_like,"ferromagnetic-like, near-critical-like finite-size regime",-1.0,FM_like_all_negative,1.0,1.0,1.7320508075688772,1.0,0.2,True,D_with_TF,0.49444444444444446,400,-0.6634326354806857,-0.6634326354806857,-0.5124144156045867,-0.09718110395351594,-0.25122916802241807,,1.7320508075688772,1.7342238036525468e-16,1.7320508075688767,1.7320508075688776,1.7320508075688772,0.013490086752240813,0.0053467827096491975,0.004207634051205099,0.5416003148893903,0.29735464673624956,0.2816109669496467,0.019642882455340488,0.0037331166922310046,2.002476240914657,0.4344258221281821,1.3385653278272813,0.6613879270715354
FM_near_critical_like,"ferromagnetic-like, near-critical-like finite-size regime",-1.0,FM_like_all_negative,1.0,1.0,1.7320508075688772,1.0,0.2,True,D_with_TF,0.5222222222222223,400,-0.6597003639509663,-0.6597003639509669,-0.5292258354464041,-0.02237187342390011,-0.1775495670351688,,1.7320508075688772,1.7342238036525468e-16,1.7320508075688767,1.7320508075688776,1.7320508075688772,0.0157145182452942,0.006455203451790725,0.0054471995902753735,0.5254774651769767,0.2957738477415824,0.28358842850753607,0.023111589108987342,0.004507768403038207,2.000199157782991,0.4278382513146451,1.2611549948380762,0.6613879270715354
FM_near_critical_like,"ferromagnetic-like, near-critical-like finite-size regime",-1.0,FM_like_all_negative,1.0,1.0,1.7320508075688772,1.0,0.2,True,D_with_TF,0.55,400,-0.6508750427436493,-0.6508750427436495,-0.5397350008088594,0.05842636360779982,-0.0748106372591562,,1.7320508075688772,1.7342238036525468e-16,1.7320508075688767,1.7320508075688776,1.7320508075688772,0.018085276380825594,0.007647781475610115,0.006835784033808514,0.5070174721419477,0.2933715872953843,0.282840821950607,0.026883865615813848,0.005375182749754646,1.9836967016964204,0.42245518704517626,1.2611549948380762,0.7440614179554773
FM_near_critical_like,"ferromagnetic-like, near-critical-like finite-size regime",-1.0,FM_like_all_negative,1.0,1.0,1.7320508075688772,1.0,0.2,True,D_with_TF,0.64,400,-0.589619077766291,-0.5896190777662904,-0.5178180104221631,0.30955820727408584,0.3809410337400705,,1.7320508075688772,1.7342238036525468e-16,1.7320508075688767,1.7320508075688776,1.7320508075688772,0.02611220815790788,0.011971822483777102,0.01329176897006078,0.4534112178312428,0.28079770148707744,0.27948485290055575,0.041076065159582606,0.008837844985236012,1.8600435980407333,0.41448723488006484,1.2611549948380762,0.8267349088394192
FM_near_critical_like,"ferromagnetic-like, near-critical-like finite-size regime",-1.0,FM_like_all_negative,1.0,1.0,1.7320508075688772,1.0,0.2,True,D_with_TF,0.73,400,-0.5221301291415223,-0.5221301291415222,-0.4034746203468862,0.4208461249524853,0.42029240395011686,,1.7320508075688772,1.7342238036525468e-16,1.7320508075688767,1.7320508075688776,1.7320508075688772,0.03609061491078905,0.017319657687003994,0.01984768168700686,0.4402059708805875,0.2616982923979003,0.26214358440757535,0.057876359780319575,0.013275160041435405,1.692199968126027,0.41254324250285335,1.2611549948380762,0.9094083997233612
FM_near_critical_like,"ferromagnetic-like, near-critical-like finite-size regime",-1.0,FM_like_all_negative,1.0,1.0,1.7320508075688772,1.0,0.2,True,D_with_TF,0.8200000000000001,400,-0.5576448402055332,-0.5576448402055332,-0.2597914807673793,0.3700241791803223,0.2931010277279679,,1.7320508075688772,1.7342238036525468e-16,1.7320508075688767,1.7320508075688776,1.7320508075688772,0.05020534745497694,0.025231105405746978,0.02863134716443167,0.39648989030499937,0.23717676507199606,0.23639236074111722,0.07651174510379156,0.018553105862339755,1.5570464868088703,0.40172115853722945,1.2611549948380762,0.8267349088394192
FM_near_critical_like,"ferromagnetic-like, near-critical-like finite-size regime",-1.0,FM_like_all_negative,1.0,1.0,1.7320508075688772,1.0,0.2,True,D_with_TF,0.91,400,-0.7552776655393407,-0.7552776655393401,-0.08564520173539159,0.3069450694439224,0.14086401814934799,,1.7320508075688772,1.7342238036525468e-16,1.7320508075688767,1.7320508075688776,1.7320508075688772,0.06975449611120593,0.03586765470721393,0.039362995328491336,0.34110390129720936,0.20882548634101866,0.21433406579510178,0.09593955313088705,0.02440118013654886,1.513556582802293,0.3856726700690263,1.2611549948380762,0.8267349088394192
FM_near_critical_like,"ferromagnetic-like, near-critical-like finite-size regime",-1.0,FM_like_all_negative,1.0,1.0,1.7320508075688772,1.0,0.2,True,D_with_TF,1.0,400,-0.791547114347676,-0.7915471143476771,0.045394872728009204,0.3227526319246001,0.07177960270827638,,1.7320508075688772,1.7342238036525468e-16,1.7320508075688767,1.7320508075688776,1.7320508075688772,0.09072499865899564,0.04401861148369563,0.04828453344897857,0.28708811251816546,0.17996002310836873,0.19627336234684784,0.11496108848101085,0.030434126723264773,1.5525045809513387,0.3867991378711986,1.3385653278272813,0.7440614179554773
