h_over_R,h,t,N,sign_label,corr_J_rho_exp,corr_eta,corr_S_L,corr_P_pair,corr_N_pair_sum,corr_J_tot,std_J_tot,mean_J_tot,J_tot_analytic,max_I3_minus,mean_I3_minus,median_I3_minus,max_J_rho_exp,mean_J_rho_exp,mean_S_ABC,mean_S_L,mean_P_pair,mean_N_pair_sum
0.25,0.4330127018922193,0.02,400,anti_like_all_positive,-0.4822480928203476,-0.4822480928203469,,-0.6720483028745768,-0.2067376319917484,,8.423257039365817e-17,0.3247595264191645,0.32475952641916445,4.7831514366682255e-08,1.586232261484628e-08,6.428554342268902e-09,0.06553242103615953,0.03163190989311613,9.946511942218224e-08,6.722656401281224e-09,0.020644954085853186,0.04210469908995103
0.25,0.4330127018922193,0.04,400,anti_like_all_positive,-0.5016543662581906,-0.5016543662581905,0.2383512894164252,-0.6773492560403055,-0.19259652588816442,,8.423257039365817e-17,0.3247595264191645,0.32475952641916445,6.70310375342268e-07,2.2605475283433695e-07,9.81990499316632e-08,0.0675159605753305,0.032852897869893455,1.3816644827717177e-06,1.0800544709810289e-07,0.06911467391023303,0.08284233909100253
0.25,0.4330127018922193,0.06,400,anti_like_all_positive,-0.5174846101946651,-0.5174846101946652,0.25894206700689343,-0.6803233120705963,-0.18149858372678632,,8.423257039365817e-17,0.3247595264191645,0.32475952641916445,3.1176812399106655e-06,1.0656865653900524e-06,4.849461632452004e-07,0.06933970297472099,0.03399451759789887,6.377469283786077e-06,5.488400111075543e-07,0.1376957606047652,0.12210117168466655
0.25,0.4330127018922193,0.08,400,anti_like_all_positive,-0.5307388045273549,-0.5307388045273556,0.27948986892027816,-0.6794154739620571,-0.1715901772012033,,8.423257039365817e-17,0.3247595264191645,0.32475952641916445,9.257741780183582e-06,3.2019853457327645e-06,1.5181437683342073e-06,0.07100105240793603,0.03505716863432967,1.877584213919725e-05,1.7405388496744001e-06,0.22207197660176667,0.15976146052742565
0.25,0.4330127018922193,0.1,400,anti_like_all_positive,-0.5417020855250876,-0.5417020855250875,0.29989337562479523,-0.6738684351914389,-0.16221346510455614,,8.423257039365817e-17,0.3247595264191645,0.32475952641916445,2.1563319482013466e-05,7.527227477400409e-06,3.7101397104836775e-06,0.0724983541041761,0.036036113331271664,4.322621243310756e-05,4.262384979921985e-06,0.31903457958423026,0.19569902813663606
0.25,0.4330127018922193,0.14,400,anti_like_all_positive,-0.5582643865346112,-0.558264386534612,0.34014472832264897,-0.6473112584242584,-0.14421578795292292,,8.423257039365817e-17,0.3247595264191645,0.32475952641916445,7.712507755555856e-05,2.7487036291703966e-05,1.4526366115920407e-05,0.07499882874886746,0.037749669193425046,0.00015086036511051843,1.6457114501745584e-05,0.5405214108105144,0.26190738507715866
0.25,0.4330127018922193,0.18,400,anti_like_all_positive,-0.5695028199965012,-0.5695028199965013,0.3792003386818226,-0.6004480791750226,-0.12657458820549164,,8.423257039365817e-17,0.3247595264191645,0.32475952641916445,0.00020006350715567742,7.307891901806069e-05,4.199820270393731e-05,0.07684614795175203,0.039153177275932524,0.0003808829223473038,4.513230378451416e-05,0.7847414103124564,0.31975964137848556
0.25,0.4330127018922193,0.21999999999999997,400,anti_like_all_positive,-0.5774232516066465,-0.5774232516066468,0.4161727560875508,-0.5364125535235742,-0.10929444635923077,,8.423257039365817e-17,0.3247595264191645,0.32475952641916445,0.0004320185446090159,0.00016141012584621614,0.00010072916406265889,0.07809816148678006,0.04027255053144065,0.0007931725850753809,0.00010092679996980548,1.0376152498762707,0.3683811482111457
0.25,0.4330127018922193,0.26,400,anti_like_all_positive,-0.5837788218628752,-0.5837788218628753,0.44989901692820666,-0.4600854496782227,-0.09406565404199956,,8.423257039365817e-17,0.3247595264191645,0.32475952641916445,0.0008256264941495484,0.00031572110205711393,0.0002166410237079339,0.07883641078977857,0.04111239218399053,0.0014532869650668938,0.00019701087583592043,1.2874470190320448,0.4070451062032248
0.25,0.4330127018922193,0.3,400,anti_like_all_positive,-0.5892543875827274,-0.5892543875827275,0.479391726890108,-0.37633365811581454,-0.08394366287122144,,8.423257039365817e-17,0.3247595264191645,0.32475952641916445,0.0014476163485098552,0.0005666244151707106,0.00041454437705708063,0.07907066120813228,0.041663282547082604,0.0024301750067045537,0.0003489239072483896,1.5245982384068513,0.4352284760193246
0.25,0.4330127018922193,0.3277777777777778,400,anti_like_all_positive,-0.593868890190773,-0.5938688901907733,0.497200940549943,-0.3156180543747457,-0.08235239024367949,,8.423257039365817e-17,0.3247595264191645,0.32475952641916445,0.0020619897343953568,0.000818446211409081,0.0006270905564477985,0.07895126800175185,0.041891416947147465,0.0033320928639008806,0.0004965384086944192,1.6776809174686809,0.44848527133497595
0.25,0.4330127018922193,0.35555555555555557,400,anti_like_all_positive,-0.6003066358533594,-0.6003066358533595,0.5122680955289037,-0.2543351081090331,-0.09003610477924802,,8.423257039365817e-17,0.3247595264191645,0.32475952641916445,0.0028556659075460013,0.001151173270493947,0.0009388025521855276,0.07872831639759624,0.04198945416627012,0.0044441766885615994,0.0006860530983429894,1.8188543200468323,0.4565636506817246
0.25,0.4330127018922193,0.3833333333333333,400,anti_like_all_positive,-0.6069220901528529,-0.6069220901528531,0.5242946758908626,-0.19342672521862236,-0.11351252924674743,,8.423257039365817e-17,0.3247595264191645,0.32475952641916445,0.0038654203437452194,0.0015818481524723193,0.0013000908318427343,0.07832497140966842,0.04190188998633022,0.005789547064484038,0.0009243494833942301,1.9465074252333578,0.4595654162488462
0.25,0.4330127018922193,0.4111111111111111,400,anti_like_all_positive,-0.613946098168783,-0.6139460981687821,0.5333452554604479,-0.1332721851948879,-0.15645523452736748,,8.423257039365817e-17,0.3247595264191645,0.32475952641916445,0.005138189552762127,0.002129243916976049,0.0018053120615923609,0.07772997454556227,0.04161356940933054,0.007390726628022633,0.001218662417655106,2.0594499223897142,0.45770858655693947
0.25,0.4330127018922193,0.4388888888888889,400,anti_like_all_positive,-0.6213905144497742,-0.6213905144497737,0.5392547805175867,-0.07464474441914226,-0.19370766423163804,,8.423257039365817e-17,0.3247595264191645,0.32475952641916445,0.006685546987416049,0.002811796399576966,0.0024399133556837864,0.07695649191111506,0.04112153392507901,0.009269436190439686,0.0015765311752217062,2.156898197451087,0.4513596285419891
0.25,0.4330127018922193,0.4666666666666667,400,anti_like_all_positive,-0.6289108115182832,-0.6289108115182838,0.5417169682122722,-0.018163553905186022,-0.19412397238316262,,8.423257039365817e-17,0.3247595264191645,0.32475952641916445,0.008523299573178574,0.0036473078418229475,0.0033266738468686946,0.07602596220194842,0.040428911860643346,0.01144641739908351,0.002005749289839758,2.2384565044562055,0.44109603599954417
0.25,0.4330127018922193,0.49444444444444446,400,anti_like_all_positive,-0.6363442398581572,-0.6363442398581571,0.5407576646418629,0.03612048197716861,-0.18789246298394133,,8.423257039365817e-17,0.3247595264191645,0.32475952641916445,0.010713573180698373,0.004653023240677641,0.004480333320404718,0.0749681817205192,0.039543119373161476,0.01394128089907729,0.002514313693261516,2.304092935854398,0.42789601275701555
0.25,0.4330127018922193,0.5222222222222223,400,anti_like_all_positive,-0.6432678970720481,-0.6432678970720482,0.5361760567623286,0.08771163642489918,-0.20071999923111533,,8.423257039365817e-17,0.3247595264191645,0.32475952641916445,0.01321598210155055,0.005840238732607464,0.0057971700776871665,0.07380595269822607,0.03847517561800957,0.016772378490762452,0.0031103735741164784,2.3541102098418296,0.4134712917499039
0.25,0.4330127018922193,0.55,400,anti_like_all_positive,-0.6492717195978603,-0.6492717195978599,0.5277135191348374,0.13618807503381058,-0.23069203135489955,,8.423257039365817e-17,0.3247595264191645,0.32475952641916445,0.015992460345493124,0.0072146895840957525,0.007461477867774085,0.0725506142092196,0.037239516251342454,0.01995669739108231,0.0038021792618231566,2.389111676201762,0.39971963873269745
0.25,0.4330127018922193,0.64,400,anti_like_all_positive,-0.659871702040174,-0.6598717020401741,0.4677357171093092,0.2708197009617374,-0.37409851011535494,,8.423257039365817e-17,0.3247595264191645,0.32475952641916445,0.026759799132185486,0.0128896385877096,0.014585872686017555,0.0682280794831732,0.03233094217422387,0.03287621059406768,0.006800788608737278,2.411184662350524,0.37716562432704637
0.25,0.4330127018922193,0.73,400,anti_like_all_positive,-0.6616974961581413,-0.6616974961581416,0.3567840208979654,0.3693811294745867,-0.44911492135826064,,8.423257039365817e-17,0.3247595264191645,0.32475952641916445,0.03980849783777038,0.019800128490586117,0.02403277724291446,0.06449578912670163,0.02706667872830704,0.050069464568088105,0.011169884622691677,2.3286086654373195,0.39357248957243735
0.25,0.4330127018922193,0.8200000000000001,400,anti_like_all_positive,-0.6310500875628586,-0.631050087562859,0.25236328650531425,0.4290258343916483,-0.27061366350973937,,8.423257039365817e-17,0.3247595264191645,0.32475952641916445,0.05372365459214491,0.02663708723522745,0.032639850872040674,0.061509002158623996,0.02417171733647031,0.07177208047097806,0.017169909381044176,2.193428191397935,0.4274966697715885
0.25,0.4330127018922193,0.91,400,anti_like_all_positive,-0.5606016473812173,-0.5606016473812178,0.21113522311285496,0.43127788546404894,0.12247209751489035,,8.423257039365817e-17,0.3247595264191645,0.32475952641916445,0.06997700425166935,0.03252233184630286,0.03955404177532287,0.059554129540168615,0.02358758258393291,0.0980367829417121,0.025026138774045165,2.0551436501915754,0.4542297935186855
0.25,0.4330127018922193,1.0,400,anti_like_all_positive,-0.47934487238371476,-0.4793448723837144,0.17055289178859293,0.3166084674232439,0.07231769921865501,,8.423257039365817e-17,0.3247595264191645,0.32475952641916445,0.0921927809627921,0.038221299393781945,0.04111165548900235,0.05871252923223126,0.024615974918748694,0.12873927983431802,0.03491257735832881,1.9483608258688079,0.46485655710992646
0.5,0.8660254037844386,0.02,400,anti_like_all_positive,-0.4911404072103543,-0.4911404072103544,0.21588314202771086,-0.6930390903184048,-0.19646251529899778,,3.3693028157463266e-16,1.299038105676658,1.2990381056766578,1.674572940137813e-07,5.6363921215023124e-08,2.432875622755087e-08,0.26628286126638745,0.12833266354046044,3.724510649327889e-07,2.7003931873104124e-08,0.02077473570097045,0.042251410368275365
0.5,0.8660254037844386,0.04,400,anti_like_all_positive,-0.5148332034371498,-0.5148332034371501,0.23455376376802,-0.7179032622251139,-0.17982006807312698,,3.3693028157463266e-16,1.299038105676658,1.2990381056766578,2.3053147346901142e-06,7.917358471266715e-07,3.6637215187269496e-07,0.27755162467130917,0.13482842505926987,5.131036477118337e-06,4.3531037644845004e-07,0.06991947536598148,0.08338494186856099
0.5,0.8660254037844386,0.06,400,anti_like_all_positive,-0.5331054660420084,-0.5331054660420091,0.25332797352072245,-0.7349396086713043,-0.16691997962844962,,3.3693028157463266e-16,1.299038105676658,1.2990381056766578,1.0640064670824492e-05,3.6944942405676216e-06,1.7955457356872186e-06,0.28731607079402277,0.1408478960214043,2.3535675030432712e-05,2.2177090332969884e-06,0.1399310137460235,0.12322803775995549
0.5,0.8660254037844386,0.08,400,anti_like_all_positive,-0.5472460930035464,-0.5472460930035468,0.27221897146788604,-0.7408135259983525,-0.15579689938709593,,3.3693028157463266e-16,1.299038105676658,1.2990381056766578,3.137088425517026e-05,1.1001517512842455e-05,5.5656791549024e-06,0.2955304035325332,0.14643715022368792,6.889251529939884e-05,7.045047390815684e-06,0.2265413625802384,0.16160539921597816
0.5,0.8660254037844386,0.1,400,anti_like_all_positive,-0.5583019355305477,-0.5583019355305476,0.2912512900859728,-0.7342791696951007,-0.14579659816125987,,3.3693028157463266e-16,1.299038105676658,1.2990381056766578,7.237934888861688e-05,2.5638781735168908e-05,1.3373181365932318e-05,0.30216395780578775,0.1516801102864703,0.00015769018107495903,1.7267475001340736e-05,0.32649291094418176,0.19834077152706517
0.5,0.8660254037844386,0.14,400,anti_like_all_positive,-0.5741060710185074,-0.5741060710185077,0.3291554388072213,-0.6878136257331102,-0.1281553188279618,,3.3693028157463266e-16,1.299038105676658,1.2990381056766578,0.00025458265928745443,9.196136081832666e-05,5.073877032183913e-05,0.3106419162202649,0.16148707169561372,0.0005434909661346569,6.661686438112851e-05,0.555737005940139,0.2661906919024813
0.5,0.8660254037844386,0.18,400,anti_like_all_positive,-0.5892822757578116,-0.5892822757578114,0.36548108019662046,-0.6117397167405845,-0.11277729655569381,,3.3693028157463266e-16,1.299038105676658,1.2990381056766578,0.00065481490659359,0.00023973440529396865,0.00014199966939215495,0.3129468894669722,0.17118853752806296,0.0013525151473284872,0.000181934670981862,0.8089895439816075,0.32544052154245423
0.5,0.8660254037844386,0.21999999999999997,400,anti_like_all_positive,-0.6081255788675725,-0.608125578867572,0.39683928259351225,-0.5230048417875416,-0.10013492941395774,,3.3693028157463266e-16,1.299038105676658,1.2990381056766578,0.0013917260089937795,0.0005178140503767742,0.00032463751311880983,0.3105574703559055,0.1810484355292674,0.002770053853797824,0.00040382736840918006,1.0707669371911086,0.3748893936259061
0.5,0.8660254037844386,0.26,400,anti_like_all_positive,-0.6308173168543098,-0.6308173168543098,0.4130640541756936,-0.4311525254208621,-0.09248114132871949,,3.3693028157463266e-16,1.299038105676658,1.2990381056766578,0.0026269808481848705,0.0009875718679332082,0.0006651221360638141,0.30472562893036914,0.18941507543355143,0.00498016410153939,0.0007799023728857332,1.3281418645539165,0.4135548291773297
0.5,0.8660254037844386,0.3,400,anti_like_all_positive,-0.6589646033976605,-0.65896460339766,0.3477894584829288,-0.3398402032489522,-0.09524363054661138,,3.3693028157463266e-16,1.299038105676658,1.2990381056766578,0.004529221480000921,0.0017222998680224253,0.001228417495967202,0.29486851669848235,0.19489822745332488,0.008153083622762564,0.0013623606630755844,1.570597445862366,0.4407665238552486
0.5,0.8660254037844386,0.3277777777777778,400,anti_like_all_positive,-0.6828090428328837,-0.6828090428328835,-0.2529145861775413,-0.27729818727281175,-0.11005390970762609,,3.3693028157463266e-16,1.299038105676658,1.2990381056766578,0.006340217109111857,0.002431631788361293,0.001797116774597111,0.28652760469902033,0.19676243889032682,0.011001621420177616,0.0019168839721062142,1.7257894419470785,0.45277262164717685
0.5,0.8660254037844386,0.35555555555555557,400,anti_like_all_positive,-0.7090910374595228,-0.7090910374595226,-0.608602522614183,-0.21532381841170223,-0.14706394856234187,,3.3693028157463266e-16,1.299038105676658,1.2990381056766578,0.00865058235338971,0.00333760739704235,0.0025178956870090096,0.27658682059264256,0.19693449999898477,0.014426522873494028,0.0026151067796691342,1.8677315533893224,0.4591885504612508
0.5,0.8660254037844386,0.3833333333333333,400,anti_like_all_positive,-0.7323999503095994,-0.7323999503095995,-0.6144842042021218,-0.15414287460244464,-0.2268641317930559,,3.3693028157463266e-16,1.299038105676658,1.2990381056766578,0.011478798760191294,0.004467878760000518,0.003408323153104194,0.2652293057466585,0.19537096303811233,0.01846073282369465,0.003474506666740508,1.9948635830637196,0.46022735187064356
0.5,0.8660254037844386,0.4111111111111111,400,anti_like_all_positive,-0.7396422225412688,-0.7396422225412688,-0.6191354689510058,-0.09414866934079331,-0.32049688141687616,,3.3693028157463266e-16,1.299038105676658,1.2990381056766578,0.014846023842349954,0.005846344861252994,0.0044825161663135694,0.25274826836814385,0.19206256528097254,0.023129143700495732,0.004511639440650538,2.106112790272227,0.45628611920856516
0.5,0.8660254037844386,0.4388888888888889,400,anti_like_all_positive,-0.7124456392881666,-0.7124456392881666,-0.6250463087248056,-0.035716864062692595,-0.30606081740782365,,3.3693028157463266e-16,1.299038105676658,1.2990381056766578,0.01874605707794631,0.0074924575759663355,0.005810681362733428,0.23945984449435612,0.18703293658136477,0.028448604114261453,0.0057418383258652185,2.2008594722933226,0.44799132805539293
0.5,0.8660254037844386,0.4666666666666667,400,anti_like_all_positive,-0.6439745668549247,-0.643974566854925,-0.6304578159356551,0.020439341946367835,-0.2663369525117282,,3.3693028157463266e-16,1.299038105676658,1.2990381056766578,0.02319177390167451,0.009417238566773314,0.007494071014597717,0.2335510749785556,0.1803384015621557,0.03442818939596497,0.007178974536050436,2.278897042153842,0.4363374475264719
0.5,0.8660254037844386,0.49444444444444446,400,anti_like_all_positive,-0.5528090564996584,-0.5528090564996584,-0.6344979106505397,0.07355660217802665,-0.24651389130311258,,3.3693028157463266e-16,1.299038105676658,1.2990381056766578,0.028486483543120972,0.011623018074915082,0.009456846072379857,0.24085798748355122,0.17206857229364203,0.04106967709362824,0.008835280605063304,2.3403885239282096,0.4230414305371838
0.5,0.8660254037844386,0.5222222222222223,400,anti_like_all_positive,-0.4658827676444197,-0.4658827676444198,-0.6368936075991071,0.12289427096032043,-0.23818401816499699,,3.3693028157463266e-16,1.299038105676658,1.2990381056766578,0.03441258132690057,0.014104560962107361,0.011562788024333512,0.2461853689639125,0.16234809144555412,0.048368164637196155,0.010721232759216303,2.3858215613115994,0.4105012221927771
0.5,0.8660254037844386,0.55,400,anti_like_all_positive,-0.3974586153439645,-0.3974586153439649,-0.6375178740149026,0.16738974221955302,-0.23276887356735085,,3.3693028157463266e-16,1.299038105676658,1.2990381056766578,0.04111837646860585,0.01684271687207281,0.014092326237393454,0.2546114438928103,0.15134093185288364,0.05631276528489867,0.01284548412026002,2.41596393709398,0.400626561742762
0.5,0.8660254037844386,0.64,400,anti_like_all_positive,-0.29949153315187577,-0.29949153315187577,-0.6293726979521802,0.2683693297830128,-0.23051357428225036,,3.3693028157463266e-16,1.299038105676658,1.2990381056766578,0.06833448791429243,0.027118349031878056,0.0230585628138424,0.26192375149374914,0.11029459982554751,0.08626760306252576,0.0214340662987618,2.421934361854783,0.3941261889051137
0.5,0.8660254037844386,0.73,400,anti_like_all_positive,-0.27706017689952034,-0.2770601768995203,-0.6113677522372538,0.2869016257624369,-0.2443213495130135,,3.3693028157463266e-16,1.299038105676658,1.2990381056766578,0.10007578854891955,0.03863414673628003,0.03308944022357104,0.23420282029570386,0.07906666971693696,0.12196026802594191,0.03267848037201549,2.325268718994663,0.41453895667292323
0.5,0.8660254037844386,0.8200000000000001,400,anti_like_all_positive,-0.21318125790416823,-0.21318125790416823,-0.5845064590210286,0.18702238358023715,-0.20933285063743173,,3.3693028157463266e-16,1.299038105676658,1.2990381056766578,0.12991636685457175,0.05044376373725064,0.044478427725868644,0.17675086210009658,0.07725323247615469,0.1622015670003942,0.04647070702558539,2.1810338069321404,0.44379672988088514
0.5,0.8660254037844386,0.91,400,anti_like_all_positive,0.07053044522985735,0.07053044522985728,-0.5315832051706507,-0.06203269610254939,0.067940818333728,,3.3693028157463266e-16,1.299038105676658,1.2990381056766578,0.1503900047493958,0.06194582640274589,0.06257618610460296,0.15771316543661618,0.0977857081662167,0.2055161545748458,0.062480735849282126,2.0402774887709243,0.47574237609365183
0.5,0.8660254037844386,1.0,400,anti_like_all_positive,0.08801710694335502,0.08801710694335499,-0.40907515545832956,-0.20655033108435397,0.17301087823033756,,3.3693028157463266e-16,1.299038105676658,1.2990381056766578,0.16365973756742144,0.07196428760636402,0.08597304654560486,0.20778891792614723,0.12693970180760802,0.25017807629424715,0.08013961391990014,1.9365615547547648,0.4685596237487735
1.0,1.7320508075688772,0.02,400,anti_like_all_positive,-0.5052645237612249,-0.5052645237612247,0.21182432059267386,-0.7376644240976975,-0.1835817674379777,,1.3477211262985307e-15,5.196152422706632,5.196152422706631,5.758259825001343e-07,1.9747524731765507e-07,9.106399917021458e-08,1.0968232483429246,0.5274221980693853,1.3917081598148165e-06,1.0883767467967376e-07,0.021020325458508696,0.04252761871259786
1.0,1.7320508075688772,0.04,400,anti_like_all_positive,-0.5340815134391134,-0.5340815134391134,0.226247529321553,-0.7927142212524081,-0.16314524492968643,,1.3477211262985307e-15,5.196152422706632,5.196152422706631,7.803089108927881e-06,2.7228912429569647e-06,1.3588884911457004e-06,1.1633827179521383,0.5651163889252213,1.8991533363731665e-05,1.7619758969961152e-06,0.07134139324542246,0.08433548541196326
1.0,1.7320508075688772,0.06,400,anti_like_all_positive,-0.5530593916831499,-0.5530593916831497,0.24106866254417522,-0.8089563157344476,-0.14770683559855904,,1.3477211262985307e-15,5.196152422706632,5.196152422706631,3.533311943957407e-05,1.2498304159203848e-05,6.532239496764391e-06,1.2126457458935302,0.5991970209846272,8.628277745687908e-05,8.984564518770833e-06,0.14355969692794693,0.1250385237696827
1.0,1.7320508075688772,0.08,400,anti_like_all_positive,-0.5651760487782013,-0.5651760487782016,0.25624321764525304,-0.7847083532368809,-0.13493079802716682,,1.3477211262985307e-15,5.196152422706632,5.196152422706631,0.00010218915326428482,3.656941975973875e-05,1.9730293256271103e-05,1.243715078206951,0.6309495243218005,0.00024973317111081793,2.8470866802047525e-05,0.23307334819501246,0.16427127219398366
1.0,1.7320508075688772,0.1,400,anti_like_all_positive,-0.574661236721333,-0.5746612367213331,0.27141196337681195,-0.7340110580651202,-0.12386395223223252,,1.3477211262985307e-15,5.196152422706632,5.196152422706631,0.00023222807388509922,8.355420250291264e-05,4.620518038902491e-05,1.2561288438338138,0.662555746240641,0.0005639555188022175,6.937391857986141e-05,0.3360408135543582,0.20168827826270852
1.0,1.7320508075688772,0.14,400,anti_like_all_positive,-0.5984799182123656,-0.5984799182123656,0.2916099797090797,-0.6088843852453378,-0.10482362392557808,,1.3477211262985307e-15,5.196152422706632,5.196152422706631,0.0007864025912242341,0.00028568717928983815,0.00016544112844183324,1.2266103317965233,0.7312401687326018,0.0018777827556153276,0.0002618331429685691,0.5687271300101817,0.26981619760611025
1.0,1.7320508075688772,0.18,400,anti_like_all_positive,-0.6262864072055165,-0.6262864072055166,-0.3613162582682836,-0.48888741284731047,-0.08770946043960967,,1.3477211262985307e-15,5.196152422706632,5.196152422706631,0.0019201718011693835,0.0007006326784490441,0.0004181438105626818,1.1510809335408416,0.7853464979582532,0.004467855058283085,0.0006901662441587903,0.8169713260835956,0.32723960993909573
1.0,1.7320508075688772,0.21999999999999997,400,anti_like_all_positive,-0.656866674939141,-0.6568666749391407,-0.392246632712353,-0.37715964881358033,-0.0695187273671805,,1.3477211262985307e-15,5.196152422706632,5.196152422706631,0.003845547199949376,0.0014026189261111197,0.0008348996339718707,1.0445980769862515,0.8074075292951969,0.00865960597974651,0.0014590041300087241,1.060273811277566,0.3725112084198942
1.0,1.7320508075688772,0.26,400,anti_like_all_positive,-0.59141917636411,-0.5914191763641098,-0.4286777534332941,-0.2672774389054582,-0.04469838434011185,,1.3477211262985307e-15,5.196152422706632,5.196152422706631,0.006746522630865748,0.0024397033957459548,0.0014138280506673893,0.9673877189893332,0.793592675191768,0.01459052918635343,0.0026493198405914352,1.2826655228336998,0.4052440993981564
1.0,1.7320508075688772,0.3,400,anti_like_all_positive,-0.14289948122547874,-0.14289948122547894,-0.4655028207610442,-0.15628987081269202,-0.0025591553910666925,,1.3477211262985307e-15,5.196152422706632,5.196152422706631,0.010729343757308971,0.0038163349359911503,0.002054752441584113,1.0250078322655434,0.7442499316431213,0.022184640834433732,0.004298487950843656,1.4729187169024953,0.4263722738149534
1.0,1.7320508075688772,0.3277777777777778,400,anti_like_all_positive,0.09194583901531297,0.09194583901531307,-0.4907879402630458,-0.0804265813125734,0.04485475058155209,,1.3477211262985307e-15,5.196152422706632,5.196152422706631,0.014156218893018952,0.0049484176884976696,0.002484390473648953,1.0681451226584098,0.6909460867523662,0.028301288088558717,0.0057073064541741944,1.5824566159849858,0.43536822327801017
1.0,1.7320508075688772,0.35555555555555557,400,anti_like_all_positive,0.20670010643742184,0.20670010643742168,-0.5157043917622995,-0.008867787088352034,0.1117301491862905,,1.3477211262985307e-15,5.196152422706632,5.196152422706631,0.01805397604459704,0.0061901335868539565,0.003029588631706333,1.090930079064524,0.6243652815918461,0.034961771215238885,0.0073102023915110805,1.6722137914461765,0.4408895619642426
1.0,1.7320508075688772,0.3833333333333333,400,anti_like_all_positive,0.2648254879396065,0.2648254879396065,-0.5405267813791876,0.05437482165283152,0.19337335817769455,,1.3477211262985307e-15,5.196152422706632,5.196152422706631,0.02233907730704012,0.007501532527861891,0.0035571404738063625,1.0873721920917017,0.5471836262525862,0.04201427251793929,0.009076492234317408,1.7420790773203065,0.4440827601264667
1.0,1.7320508075688772,0.4111111111111111,400,anti_like_all_positive,0.2946489266790714,0.29464892667907167,-0.5655500331710556,0.10544444503534067,0.27149009020448844,,1.3477211262985307e-15,5.196152422706632,5.196152422706631,0.026899316253941034,0.00884244711911167,0.003883741069436418,1.0530083018222631,0.46261144089412637,0.049299078683908724,0.01096813989039301,1.7927257167743205,0.4460503698015285
1.0,1.7320508075688772,0.4388888888888889,400,anti_like_all_positive,0.29895912724088175,0.2989591272408816,-0.591286019264894,0.1408294841584318,0.320934733801211,,1.3477211262985307e-15,5.196152422706632,5.196152422706631,0.031602959579706255,0.010179700142791093,0.004314819652605977,0.9968477928257019,0.3785441354839638,0.0566596904793631,0.012943041480990916,1.825491852044549,0.447694543253273
1.0,1.7320508075688772,0.4666666666666667,400,anti_like_all_positive,0.27836557428779507,0.2783655742877951,-0.6177748213029298,0.15811253492365268,0.3272008321668173,,1.3477211262985307e-15,5.196152422706632,5.196152422706631,0.03631072498409604,0.011485556089528287,0.004570944188314684,0.9149727816217939,0.29650963261641494,0.06395169824522068,0.014958242073271415,1.8422468760382846,0.44959844896017986
1.0,1.7320508075688772,0.49444444444444446,400,anti_like_all_positive,0.2303527345530719,0.2303527345530721,-0.644737465337625,0.1556514564224265,0.2967368003082086,,1.3477211262985307e-15,5.196152422706632,5.196152422706631,0.04088891295827944,0.012752197041780731,0.004415680363930981,0.8055795362425586,0.21703280606062159,0.07104875813231594,0.016972655229292716,1.8452456636638135,0.45196554549208146
1.0,1.7320508075688772,0.5222222222222223,400,anti_like_all_positive,0.14067118368545992,0.14067118368546003,-0.6718379310330294,0.13315941422400793,0.25025836538541996,,1.3477211262985307e-15,5.196152422706632,5.196152422706631,0.04522174397125636,0.013989510224961789,0.004625799318445464,0.673713049942557,0.14964683634654055,0.07784549981890622,0.018948996565554887,1.8369774454280519,0.45461963748742845
1.0,1.7320508075688772,0.55,400,anti_like_all_positive,0.045226582128569025,0.04522658212856908,-0.697983589840852,0.09310663225770859,0.2067212414871508,,1.3477211262985307e-15,5.196152422706632,5.196152422706631,0.04922094716870243,0.015238486708120747,0.005225511471279261,0.5254547359898518,0.11598037930780475,0.08425766599659319,0.020854823254993566,1.8200214020538157,0.457065759397924
1.0,1.7320508075688772,0.64,400,anti_like_all_positive,0.026168770484290647,0.026168770484290744,-0.7463840927286132,-0.08207281782741524,0.12839468186440037,,1.3477211262985307e-15,5.196152422706632,5.196152422706631,0.05941711518495653,0.02018389175994855,0.012903361621362873,0.3790219575857585,0.20782514965500873,0.10171238178865095,0.02624713720877643,1.7349626503031004,0.45454245992517217
1.0,1.7320508075688772,0.73,400,anti_like_all_positive,-0.5216255400120373,-0.5216255400120376,-0.6610287732901877,-0.1792302019331171,-0.04709571950624227,,1.3477211262985307e-15,5.196152422706632,5.196152422706631,0.07305603573949429,0.027957161812282517,0.027873945189999208,0.7568343620951464,0.38384360642782167,0.11328343326923924,0.03000722029381965,1.6569754023335526,0.4210657737210194
1.0,1.7320508075688772,0.8200000000000001,400,anti_like_all_positive,-0.8277047010318754,-0.8277047010318755,-0.4320348745607168,-0.12431167390909184,-0.406392616352473,,1.3477211262985307e-15,5.196152422706632,5.196152422706631,0.08263937080690362,0.03848191431089321,0.04159558759423087,1.1928244733304032,0.45567793528708367,0.11879962234716095,0.03188783505682275,1.6247551016748787,0.36397124133216585
1.0,1.7320508075688772,0.91,400,anti_like_all_positive,-0.688072896811137,-0.6880728968111366,-0.09068174502047853,0.20152080802265807,-0.5572741073458232,,1.3477211262985307e-15,5.196152422706632,5.196152422706631,0.08456899158786221,0.046878122716327845,0.05246580144229643,1.3770175458926872,0.3992790147579061,0.11970782636120454,0.0322442037785464,1.626455939804027,0.32116739332103805
1.0,1.7320508075688772,1.0,400,anti_like_all_positive,-0.517086681491222,-0.5170866814912216,0.2085425953390946,0.5174050438494602,-0.37211428883396463,,1.3477211262985307e-15,5.196152422706632,5.196152422706631,0.08866589783629669,0.0523014028788674,0.05866897954594375,1.2207456198721185,0.39884177586181013,0.1199542689698392,0.032326898471427216,1.6202558689059527,0.32795685194534185
2.0,3.4641016151377544,0.02,400,anti_like_all_positive,-0.5261814731174727,-0.5261814731174722,0.20300673886136653,-0.819995940598044,-0.166601624780164,,5.390884505194123e-15,20.784609690826528,20.784609690826525,1.9481424700885397e-06,6.795964078357223e-07,3.3962961258112765e-07,4.6141498982284155,2.2153238129216954,5.18878366738366e-06,4.4053096987878293e-07,0.021453776140006663,0.04301025294216146
2.0,3.4641016151377544,0.04,400,anti_like_all_positive,-0.556072332570654,-0.5560723325706545,0.20817409972064824,-0.844475664284609,-0.1403805907528344,,5.390884505194123e-15,20.784609690826528,20.784609690826525,2.5412081061766505e-05,9.07378660303734e-06,4.909933778399232e-06,4.9570056818667805,2.4392920731904804,6.957498608687231e-05,7.120427707600352e-06,0.07339553622665686,0.08568723031424691
2.0,3.4641016151377544,0.06,400,anti_like_all_positive,-0.5674660582469706,-0.5674660582469708,0.21309381855852805,-0.745357567726462,-0.11994055635686736,,5.390884505194123e-15,20.784609690826528,20.784609690826525,0.00011087425447475828,4.004510319356705e-05,2.2685990314642943e-05,5.059258606340887,2.630408073194569,0.0003077976001014507,3.5760845937671817e-05,0.1472542338966865,0.12685073274193667
2.0,3.4641016151377544,0.08,400,anti_like_all_positive,-0.5781950630768963,-0.5781950630768966,-0.22304378696559743,-0.6279854586733351,-0.10137082233318052,,5.390884505194123e-15,20.784609690826528,20.784609690826525,0.0003071741856833447,0.00011149178542905397,6.556278598571664e-05,4.914925072685994,2.8239306890987557,0.0008583199989567162,0.00011009464472955727,0.23599633244407955,0.1654541946017626
2.0,3.4641016151377544,0.1,400,anti_like_all_positive,-0.5872933378005006,-0.5872933378005009,-0.22835680484818321,-0.5248559038288232,-0.08281935565675966,,5.390884505194123e-15,20.784609690826528,20.784609690826525,0.0006587455346399921,0.0002395664586523688,0.00014486859173155648,4.560422075272852,2.9660649257186997,0.0018470141421913571,0.0002570684618858865,0.3328122904726043,0.20060746902214135
2.0,3.4641016151377544,0.14,400,anti_like_all_positive,-0.5651081670941674,-0.5651081670941672,-0.242069163043499,-0.34378645715266987,-0.03985417853173537,,5.390884505194123e-15,20.784609690826528,20.784609690826525,0.0019347876113700122,0.0006971206278300924,0.0004163301103833777,3.5594275344139445,2.9238721866790214,0.005403787719858316,0.0008551144456001322,0.5256056193353675,0.25795687911527326
2.0,3.4641016151377544,0.18,400,anti_like_all_positive,0.18782397837670797,0.18782397837670775,-0.2593387246216174,-0.16089766736574967,0.01858575076898088,,5.390884505194123e-15,20.784609690826528,20.784609690826525,0.003933359729763745,0.001377716456064374,0.0007845773551762971,3.332714927333053,2.4560524445312724,0.010830607750281378,0.0018828987478912115,0.6837026543441058,0.29593573377887344
2.0,3.4641016151377544,0.21999999999999997,400,anti_like_all_positive,0.434392097954981,0.43439209795498074,-0.28358349273358285,0.011697242512696052,0.09371907909942455,,5.390884505194123e-15,20.784609690826528,20.784609690826525,0.006274090272857181,0.0021019901758634915,0.0010477615347138439,3.200075167766947,1.715592961018063,0.017008813739837474,0.0031611537525811006,0.7821746160042861,0.3151965548406234
2.0,3.4641016151377544,0.26,400,anti_like_all_positive,0.40841366056796524,0.4084136605679653,-0.32200824214793655,0.12001073899402674,0.16677047782379803,,5.390884505194123e-15,20.784609690826528,20.784609690826525,0.008417440980511809,0.0026580941402058905,0.001147229893163449,2.5153246756521472,1.0969528370924417,0.022449852400627482,0.004358739247907402,0.8152615455172549,0.3190108978155021
2.0,3.4641016151377544,0.3,400,anti_like_all_positive,0.15456275782582507,0.154562757825825,-0.38521160126491916,0.1466980648878497,0.21430145078601007,,5.390884505194123e-15,20.784609690826528,20.784609690826525,0.00988225304192153,0.0029795236175895845,0.001160830137570212,1.2750409022710925,0.4963287521440182,0.026048335733573288,0.005182304580365504,0.7956494946242484,0.31176114851924547
2.0,3.4641016151377544,0.3277777777777778,400,anti_like_all_positive,0.37509942568606397,0.37509942568606414,-0.44839244548308127,0.13534227153070494,0.23442718134062943,,5.390884505194123e-15,20.784609690826528,20.784609690826525,0.010480675848257341,0.003153343721681384,0.0013972526805204576,0.3527393332392065,0.1522533960540874,0.027268643845483977,0.0054672567435742865,0.7659668834566574,0.3029528419962503
2.0,3.4641016151377544,0.35555555555555557,400,anti_like_all_positive,-0.19057277873035075,-0.190572778730351,-0.5257666799293483,0.11821059631792086,0.25459320856344275,,5.390884505194123e-15,20.784609690826528,20.784609690826525,0.010876320405867806,0.003425675964247792,0.00211841035866093,0.940277805848228,0.5749491310321526,0.027556508495122384,0.005535612419285713,0.7387572043614695,0.2938924248074649
2.0,3.4641016151377544,0.3833333333333333,400,anti_like_all_positive,-0.4806977097091263,-0.48069770970912656,-0.6040164056615898,0.10490719230754203,0.27663001601158477,,5.390884505194123e-15,20.784609690826528,20.784609690826525,0.011219053709727596,0.003921625732892427,0.003285247153096301,2.1535949232682556,1.136292909925417,0.027153667288089565,0.005442355472095584,0.7299718079643267,0.28829375179008465
2.0,3.4641016151377544,0.4111111111111111,400,anti_like_all_positive,-0.6169288172330158,-0.6169288172330157,-0.6549822655644709,0.10643662855876267,0.30122311239059907,,5.390884505194123e-15,20.784609690826528,20.784609690826525,0.01157449017292727,0.004666304728136449,0.004512395782129645,3.408242742606621,1.6605163253395232,0.02637343919748405,0.005261530923467512,0.7543041277631548,0.2903632548175344
2.0,3.4641016151377544,0.4388888888888889,400,anti_like_all_positive,-0.6327800399180419,-0.6327800399180412,-0.6645275638660532,0.13391521064012235,0.34717412358137206,,5.390884505194123e-15,20.784609690826528,20.784609690826525,0.012018976188986084,0.005535723995658046,0.005627609720790726,4.509490408997468,2.0893800357017023,0.025576504234779945,0.005077843769584998,0.820273655029111,0.3023922924189108
2.0,3.4641016151377544,0.4666666666666667,400,anti_like_all_positive,-0.5652635013619998,-0.5652635013619994,-0.6287296367840698,0.19060551062551404,0.39055870123009295,,5.390884505194123e-15,20.784609690826528,20.784609690826525,0.012526614651174314,0.006164913682147403,0.006486064792288845,5.291914469749028,2.3828425220267593,0.025171230178318384,0.004985327487049137,0.9269724314277025,0.3232799627835024
2.0,3.4641016151377544,0.49444444444444446,400,anti_like_all_positive,-0.5043366999202835,-0.5043366999202831,-0.5799940696949432,0.234318979272378,0.38630867383313744,,5.390884505194123e-15,20.784609690826528,20.784609690826525,0.0132860395334728,0.0065299338268781475,0.006927753387557061,5.640305876084515,2.5360873749375528,0.025611340662255698,0.005087907758433159,1.0649196596421262,0.3497530962236558
2.0,3.4641016151377544,0.5222222222222223,400,anti_like_all_positive,-0.5199707928510536,-0.5199707928510541,-0.5299450817231522,0.23309279637517102,0.3159793616019704,,5.390884505194123e-15,20.784609690826528,20.784609690826525,0.01466156558208364,0.00680780369452018,0.007081534653164983,5.506639850528807,2.6114166804302217,0.027354363852474063,0.005494509582744271,1.2192801021341357,0.3780480246217433
2.0,3.4641016151377544,0.55,400,anti_like_all_positive,-0.5779574253509572,-0.5779574253509567,-0.48089309029491156,0.18855721581552964,0.21548375320878066,,5.390884505194123e-15,20.784609690826528,20.784609690826525,0.016969942466258756,0.007359597521330672,0.007522296276013082,4.93631671801389,2.594542347155612,0.030767339768988614,0.0063041993360811455,1.3733943673655638,0.4049539062584026
2.0,3.4641016151377544,0.64,400,anti_like_all_positive,-0.11000980954444044,-0.11000980954444034,-0.4109853859227503,-0.07721043237727392,-0.0919262388627849,,5.390884505194123e-15,20.784609690826528,20.784609690826525,0.030791544844609685,0.011851796038424114,0.009921629853884981,3.2570639230921064,1.4307278740736675,0.05339093896269145,0.012080071260638627,1.7109071410196006,0.4635976681691531
2.0,3.4641016151377544,0.73,400,anti_like_all_positive,-0.29182339555037246,-0.2918233955503724,-0.5497287171438217,-0.28290638077935354,-0.22936990808512445,,5.390884505194123e-15,20.784609690826528,20.784609690826525,0.043721585262071455,0.016850847817879183,0.014167820244575233,1.6146369086944936,0.6754065718699125,0.08131957489472655,0.020011970886028546,1.695151737998547,0.4645694417187235
2.0,3.4641016151377544,0.8200000000000001,400,anti_like_all_positive,-0.17150136616405737,-0.17150136616405748,-0.6468762272029847,-0.3790793368329431,-0.5245334448424175,,5.390884505194123e-15,20.784609690826528,20.784609690826525,0.05783285718802088,0.022574933126430507,0.023475022532776467,2.1211552409332888,1.1295512322389434,0.0957528231596548,0.02443545284013074,1.5131343125213033,0.39266521236786306
2.0,3.4641016151377544,0.91,400,anti_like_all_positive,-0.7900967641089407,-0.790096764108941,-0.48026492330515447,-0.2205777453852321,-0.704273085195926,,5.390884505194123e-15,20.784609690826528,20.784609690826525,0.06222796329208208,0.03021166394234476,0.03401422778609871,5.329080001398326,1.857895647642856,0.09579471883772231,0.02450756176461974,1.4109844004770336,0.31305950089120455
2.0,3.4641016151377544,1.0,400,anti_like_all_positive,-0.7420664060725938,-0.7420664060725936,-0.30969967031675805,-0.03100235520905769,-0.57901254815956,,5.390884505194123e-15,20.784609690826528,20.784609690826525,0.06363095597113796,0.03496705925560159,0.03909564466003854,4.81736730183716,1.7618192558315082,0.10003930267124518,0.025844369146833513,1.4034736381814525,0.3201431921032261
