coupling_label,env_label,include_D_transverse,Jz,Jz_abs,J_CD,t,N,corr_J_rho_exp,corr_J_tot,corr_eta,corr_S_L,corr_P_pair,corr_N_pair_sum,max_I3_minus,mean_I3_minus,median_I3_minus,h_at_max_I3,max_J_tot,mean_J_tot,max_J_rho_exp,mean_J_rho_exp,mean_S_ABC,mean_S_L,mean_P_pair,mean_N_pair_sum
ferro_like_J_negative,D_with_TF,True,-1.7320508075688772,1.7320508075688772,0.34641016151377546,0.02,9,0.9906686618766085,0.9825504425483927,0.8895878253103567,0.9832944230141479,0.8378430649752118,0.8354184301530565,1.46425245702646e-07,2.3038341620395025e-08,0.0,3.0,81.0,17.134999999999998,7.701221661108187,1.5205272883661314,2.450567301604622e-06,2.1003781880413186e-07,0.05601116449918754,0.08623508589254254
ferro_like_J_negative,D_with_TF,True,-1.7320508075688772,1.7320508075688772,0.34641016151377546,0.04,9,0.9993344338128931,0.9942131245636889,0.903706873546753,0.9939157637485323,0.7561231010071393,0.7510697604264825,5.0773286170279635e-06,9.081852017962227e-07,1.2300089783480232e-07,3.0,81.0,17.134999999999998,8.920506324505451,1.7054773907916285,3.257641665095691e-05,3.3689962186790446e-06,0.1825930385192607,0.1669367027700154
ferro_like_J_negative,D_with_TF,True,-1.7320508075688772,1.7320508075688772,0.34641016151377546,0.06,9,0.9999935265335348,0.9972700165230097,0.8848874630720642,0.9955370992166945,0.3089167837571063,0.29004141732237576,3.8889595864166236e-05,7.332932967451029e-06,1.3383298374401226e-06,3.0,81.0,17.134999999999998,9.412851626913447,1.7898415806407495,0.00014194873183514113,1.6641500253402855e-05,0.3520678775531689,0.23965351712981953
ferro_like_J_negative,D_with_TF,True,-1.7320508075688772,1.7320508075688772,0.34641016151377546,0.08,9,0.9998870762971962,0.9992344736445139,0.8445593861154508,0.9961367520852221,-0.5911484180328307,-0.6134455688831759,0.00015866116029529054,3.144867107685581e-05,6.810743224648652e-06,3.0,81.0,17.134999999999998,9.100403451012975,1.7645559819125343,0.00038808909223999076,5.0037577489336904e-05,0.5451866637304617,0.30249254284041854
ferro_like_J_negative,D_with_TF,True,-1.7320508075688772,1.7320508075688772,0.34641016151377546,0.1,9,0.9997396125490234,0.9997339785881558,0.7720259056166319,0.9965790594542795,-0.8779280659981749,-0.8849512828635205,0.00044719480921179885,9.417675919736741e-05,2.3788185455558743e-05,3.0,81.0,17.134999999999998,8.034817245708622,1.6360971569111105,0.0008173940644746857,0.00011367441388783946,0.7462133704519823,0.354199623929835
ferro_like_J_negative,D_with_TF,True,-1.7320508075688772,1.7320508075688772,0.34641016151377546,0.14,9,0.9942079779759998,0.9877431481456628,0.48179833091226804,0.9979108795861645,-0.9461085170196896,-0.9438110708113587,0.001782451774750506,0.0004446418282792454,0.00015511580323027932,3.0,81.0,17.134999999999998,4.522703354622196,1.1754457686634907,0.0023116241857993863,0.0003598401333679218,1.125116351973506,0.4225367271870739
ferro_like_J_negative,D_with_TF,True,-1.7320508075688772,1.7320508075688772,0.34641016151377546,0.18,9,0.987766179987818,0.9382885034608275,0.28546046405871933,0.9994042273098981,-0.9210614911808473,-0.9020419013168041,0.004032445483973258,0.0012656345354036462,0.0006167418049450413,3.0,81.0,17.134999999999998,2.475847022716326,0.8323939162460279,0.0046345083975733,0.0007814197803264077,1.4273708620883552,0.4470320293660452
ferro_like_J_negative,D_with_TF,True,-1.7320508075688772,1.7320508075688772,0.34641016151377546,0.21999999999999997,9,0.8997367765555229,0.8502216381721434,0.33641260048006955,0.9991202802839533,-0.8725358257126072,-0.8078024754753516,0.006795210204308923,0.002718177054394134,0.0017955153776407886,3.0,81.0,17.134999999999998,3.394877806587438,0.8086942759295811,0.007660443890803053,0.0013724788704342966,1.6387578571879498,0.4367207459844448
ferro_like_J_negative,D_with_TF,True,-1.7320508075688772,1.7320508075688772,0.34641016151377546,0.26,9,0.7932997100744946,0.7044184866769376,-0.18775263741608753,0.9976314894801491,-0.7985456211668901,-0.6766541299306948,0.011114220938899945,0.004795549641720655,0.004172964102237508,2.0,81.0,17.134999999999998,2.4587738916854724,0.6179618370690795,0.011225603514350736,0.002112527846990823,1.7790957474914484,0.41140917607526223
ferro_like_J_negative,D_with_TF,True,-1.7320508075688772,1.7320508075688772,0.34641016151377546,0.3,9,0.6260276561646333,0.4314888465631324,-0.17327363910830143,0.9907171580421995,-0.65487248034377,-0.5557158557848559,0.016309717970141274,0.007248361416226593,0.007947628425370917,2.0,81.0,17.134999999999998,1.9497085619159724,0.5432504977879724,0.015196327776086989,0.0029834927323088875,1.873000026050877,0.3951876928746383
ferro_like_J_negative,D_with_TF,True,-1.7320508075688772,1.7320508075688772,0.34641016151377546,0.3277777777777778,9,0.16676046884440898,0.2614371452492942,-0.21133314946600493,0.9818167416109254,-0.5734143803877033,-0.5382780734337722,0.02014094815101749,0.009251998305706376,0.006525381418585302,2.0,81.0,17.134999999999998,4.162984468627956,0.7889351712144279,0.01819709808974753,0.0036710843472214957,1.9140261460219545,0.3863581601877098
ferro_like_J_negative,D_with_TF,True,-1.7320508075688772,1.7320508075688772,0.34641016151377546,0.35555555555555557,9,-0.044427746799234086,0.14304369401317152,-0.2447749444915908,0.9749602373410499,-0.512643037026412,-0.5059337324307288,0.02480241007901699,0.011500854423805319,0.009291208364636934,1.5,81.0,17.134999999999998,6.0154696969806425,0.987742701923913,0.021462944654258423,0.004442922159643061,1.9357415058183993,0.37829494307412426
ferro_like_J_negative,D_with_TF,True,-1.7320508075688772,1.7320508075688772,0.34641016151377546,0.3833333333333333,9,-0.14095530394512365,0.06458038404907661,-0.1790665299312564,0.9690621697646434,-0.45449077462813525,-0.42945860641183836,0.02983029641706579,0.013905035440612445,0.012628894747601122,1.5,81.0,17.134999999999998,6.702905086370168,1.0483784478587634,0.02506011064460155,0.005314635554034923,1.9415384899920711,0.37048337554977406
ferro_like_J_negative,D_with_TF,True,-1.7320508075688772,1.7320508075688772,0.34641016151377546,0.4111111111111111,9,-0.15749745080266994,0.022082561086502184,0.026499182073233412,0.9651073403831639,-0.40281442268421647,-0.3161502504813469,0.035044173143195204,0.016417992150336888,0.016335900556920323,1.5,81.0,17.134999999999998,6.025365124364099,0.9537427480992382,0.02901118083644339,0.006294202533280551,1.937428665159173,0.3660451817049273
ferro_like_J_negative,D_with_TF,True,-1.7320508075688772,1.7320508075688772,0.34641016151377546,0.4388888888888889,9,-0.08522698201666949,0.013786545596962567,0.30764540231133924,0.9650836725917578,-0.3727999409667545,-0.23098717463617538,0.040293652346683986,0.01904379616021869,0.020235014578397957,1.5,81.0,17.134999999999998,4.385123108152738,0.7610778854301993,0.03327427852202536,0.0073779399722383576,1.9301274020438204,0.3712335310369703
ferro_like_J_negative,D_with_TF,True,-1.7320508075688772,1.7320508075688772,0.34641016151377546,0.4666666666666667,9,0.06140109793662699,0.037541727883776306,0.47606439088994007,0.9702800703090221,-0.3725008939869699,-0.24935757722340515,0.0453883620370024,0.021815921411286788,0.02417679432503015,1.5,81.0,17.134999999999998,3.1900582391404115,0.6522488029027858,0.037756756010955544,0.008550043204503366,1.9236065260206017,0.38195558065700125
ferro_like_J_negative,D_with_TF,True,-1.7320508075688772,1.7320508075688772,0.34641016151377546,0.49444444444444446,9,0.08898932665428436,0.08091898184493672,0.46186719630837475,0.9774301612340944,-0.3862335186091355,-0.30444750690729666,0.050079403482830326,0.024708811114590078,0.02150756914438806,1.5,81.0,17.134999999999998,4.098387710131677,0.8109224985964194,0.04234186782448096,0.009784369495616686,1.9168547985768793,0.3912935932585297
ferro_like_J_negative,D_with_TF,True,-1.7320508075688772,1.7320508075688772,0.34641016151377546,0.5222222222222223,9,0.08860188136644524,0.11094819812443027,0.3043474408911937,0.9793545159388506,-0.37887948344965827,-0.34262591062991693,0.05491310609884052,0.02750953144419831,0.02694243095539328,1.0,81.0,17.134999999999998,5.529882798467765,1.031166820942666,0.04691891384019034,0.01105027296491433,1.9051079538353863,0.3972084293114734
ferro_like_J_negative,D_with_TF,True,-1.7320508075688772,1.7320508075688772,0.34641016151377546,0.55,9,0.07603350968660137,0.1097808966375002,0.10773806386577052,0.9757177446765148,-0.3382355907055273,-0.3517453467769229,0.06064647192175174,0.030033746747040783,0.031801698544482344,1.0,81.0,17.134999999999998,5.990831904206251,1.1279708615107598,0.0514185658747017,0.012324196010670955,1.8823224685166673,0.40076990493591685
ferro_like_J_negative,D_with_TF,True,-1.7320508075688772,1.7320508075688772,0.34641016151377546,0.64,9,-0.035581720088857106,0.0012336596843545162,-0.24022113847898438,0.9784328593665942,-0.201291877482263,-0.5621985807574464,0.07781014891462723,0.03751000675831958,0.03276532871714889,1.0,81.0,17.134999999999998,2.3085760238238064,0.59191669011214,0.06605375905496808,0.016647477564171904,1.70538010127672,0.41954421938353875
ferro_like_J_negative,D_with_TF,True,-1.7320508075688772,1.7320508075688772,0.34641016151377546,0.73,9,-0.022226773821758493,-0.0052040476480038865,-0.36459605346621876,0.9641667699238214,0.1184789115819113,-0.4828295196126126,0.10288858396776948,0.04689709274510415,0.04371002413595905,1.0,81.0,17.134999999999998,5.100542054143154,0.9196505613607004,0.08427758671757032,0.022320232520659226,1.4740072664378647,0.4131795847992408
ferro_like_J_negative,D_with_TF,True,-1.7320508075688772,1.7320508075688772,0.34641016151377546,0.8200000000000001,9,0.19318491456780737,0.14990802847570128,-0.5304693289677311,0.8795237714944424,0.6107183448731415,0.4995801074577958,0.12438036962101612,0.05914411363184938,0.05820022199782193,1.0,81.0,17.134999999999998,3.6021101222006,0.9754130771937753,0.10497742365598732,0.02905181327943824,1.2685778894558621,0.3597118348354777
ferro_like_J_negative,D_with_TF,True,-1.7320508075688772,1.7320508075688772,0.34641016151377546,0.91,9,0.26475841837860814,0.24886556718173264,-0.7532847449112522,0.8578334337976472,0.5294778050037794,0.7584984531315054,0.11711700782784482,0.06778874792425557,0.07475488408045575,1.0,81.0,17.134999999999998,3.727601011005073,0.9041299293340384,0.12186282185681582,0.03483170868395025,1.1368876453076502,0.3267312939443659
ferro_like_J_negative,D_with_TF,True,-1.7320508075688772,1.7320508075688772,0.34641016151377546,1.0,9,0.022393744676489014,0.08824543319774712,-0.21942259226094923,0.8202365395852482,0.1497228911743036,-0.008017627980599492,0.14848770521671562,0.06883783010682788,0.07346550302148858,0.75,81.0,17.134999999999998,6.314302924960468,1.0004566823281573,0.1374609560331625,0.040430593008902976,1.3147059052538455,0.3876420143015401
anti_like_J_positive,D_with_TF,True,1.7320508075688772,1.7320508075688772,0.34641016151377546,0.02,9,0.9853877065547992,0.977178762035615,0.8751528169691587,0.9780282259782539,0.8307881438395542,0.8279246009507806,9.068385613118648e-08,1.3711519603139954e-08,0.0,3.0,81.0,17.134999999999998,9.082762041856155,1.812004314005873,2.4502917262529307e-06,2.10012472782554e-07,0.056123833073269146,0.08633194589552914
anti_like_J_positive,D_with_TF,True,1.7320508075688772,1.7320508075688772,0.34641016151377546,0.04,9,0.999544171358116,0.9968175335188266,0.9038838352436515,0.9966251386400677,0.8270318455330505,0.820307633647074,2.1498791539300037e-06,3.980414089113518e-07,5.834358367774765e-08,3.0,81.0,17.134999999999998,11.536769041779683,2.268555406568812,3.2572453212353245e-05,3.368570724853686e-06,0.18405279106327443,0.1676704350740646
anti_like_J_positive,D_with_TF,True,1.7320508075688772,1.7320508075688772,0.34641016151377546,0.06,9,0.9985308300060683,0.9998269535836165,0.8892078977205174,0.9999761336651655,0.7465246971761649,0.7248628760097967,1.1013583029189635e-05,2.3483990641040057e-06,6.563024336062501e-07,3.0,81.0,17.134999999999998,12.85687449094393,2.5640204093736023,0.00014192778138966857,1.663890684757943e-05,0.35835049441327965,0.2419432476289307
anti_like_J_positive,D_with_TF,True,1.7320508075688772,1.7320508075688772,0.34641016151377546,0.08,9,0.9878896988906336,0.9884046933392816,0.8402537451381923,0.9948565234439898,0.5749635416031145,0.49516453451974035,2.9337190601677176e-05,7.4989475569846026e-06,3.200364305268674e-06,3.0,81.0,17.134999999999998,12.820317749940001,2.6633101625924858,0.0003877415478806875,4.998546953130203e-05,0.562267271477275,0.3074021790931785
anti_like_J_positive,D_with_TF,True,1.7320508075688772,1.7320508075688772,0.34641016151377546,0.1,9,0.9396534375012472,0.9184766057264627,0.7408584669466658,0.9516107782042023,0.3681981670957999,0.18390715239912445,4.913958552527336e-05,1.6942599155533033e-05,1.0711070932444922e-05,3.0,81.0,17.134999999999998,11.47446744176076,2.565198489462204,0.0008146549334521168,0.00011322201850321672,0.7820899351798107,0.3627056634906316
anti_like_J_positive,D_with_TF,True,1.7320508075688772,1.7320508075688772,0.34641016151377546,0.14,9,0.3097211790054558,-0.003612692406422006,0.8652359339255695,0.21671305932151652,0.7358863518647358,0.5551083449328265,0.00012165466329613819,4.7753966933569497e-05,3.569920975050715e-05,1.5,81.0,17.134999999999998,6.255102579842386,1.9282791225443248,0.002272954133077932,0.00035259293050465205,1.225587469332464,0.4401026983530316
anti_like_J_positive,D_with_TF,True,1.7320508075688772,1.7320508075688772,0.34641016151377546,0.18,9,0.3097922904618027,-0.2418679080088064,0.7441755031558022,0.01907692304116774,0.6509219392065724,0.463489949552749,0.00033060033515359185,0.0001270950607459583,5.398224001919999e-05,1.0,81.0,17.134999999999998,3.6356666033643994,1.136626398376894,0.0044416442864223865,0.0007423372551992448,1.6221937459095388,0.4743341551809663
anti_like_J_positive,D_with_TF,True,1.7320508075688772,1.7320508075688772,0.34641016151377546,0.21999999999999997,9,0.3385358730686401,-0.1368098831079974,0.6250411978193203,0.07586955296416932,0.42747640834284845,0.06981259198905114,0.0008758922816464471,0.0003325861099535896,0.00023478470007267868,1.0,81.0,17.134999999999998,2.0442260198050324,0.6786670413411805,0.007131483943445385,0.0012599560711228116,1.9382298655236534,0.4728326549715319
anti_like_J_positive,D_with_TF,True,1.7320508075688772,1.7320508075688772,0.34641016151377546,0.26,9,0.7747929789731486,0.5078834565930597,0.26193045168583345,0.161600128664084,-0.3264368215025929,-0.9141343946426923,0.0025906992318487764,0.0009467051114885419,0.0005671139926896711,3.0,81.0,17.134999999999998,2.935155882978162,0.6849174306658458,0.01024973361084786,0.0018977828589305092,2.1680553265276954,0.44735136442954343
anti_like_J_positive,D_with_TF,True,1.7320508075688772,1.7320508075688772,0.34641016151377546,0.3,9,0.69912003032806,0.5066114065803988,0.7387959876386947,0.07080853449468169,-0.2941957633874322,-0.9706674573261308,0.0053657386274642786,0.0018871457461925143,0.0009137875777702432,3.0,81.0,17.134999999999998,7.028735414098045,1.0226408287839652,0.01382258689938929,0.002671085727889445,2.323581127837272,0.41303550112182696
anti_like_J_positive,D_with_TF,True,1.7320508075688772,1.7320508075688772,0.34641016151377546,0.3277777777777778,9,0.5264746917337493,0.41227891632485864,0.7256847796857974,0.21022104144935597,-0.1400962628098037,-0.872267156382683,0.006034763399718302,0.002827653879425688,0.0014893874617405208,3.0,81.0,17.134999999999998,8.453730390142278,1.121384825049153,0.01663715980412311,0.003306098432328159,2.396158890528243,0.3931662479119983
anti_like_J_positive,D_with_TF,True,1.7320508075688772,1.7320508075688772,0.34641016151377546,0.35555555555555557,9,0.223805162680259,0.24910201324357148,0.29080977417923376,0.4538469177389404,0.0004965513626343153,-0.7454934165314846,0.008429081634662352,0.004149306206125916,0.004486317125025237,0.75,81.0,17.134999999999998,7.794111195484094,1.0150943719207135,0.01980466394814487,0.004041503683581175,2.4438407701976796,0.3856407980509158
anti_like_J_positive,D_with_TF,True,1.7320508075688772,1.7320508075688772,0.34641016151377546,0.3833333333333333,9,0.008620187995899437,0.11207035034983248,-0.032943437887996085,0.6323768189107142,0.004145181611053023,-0.6176766003379683,0.011905249792580827,0.0059750985192942255,0.005583195421915994,0.75,81.0,17.134999999999998,5.244409483516971,0.7840756150707712,0.023385964687706574,0.004894903993861043,2.4687378963040327,0.39739797096107216
anti_like_J_positive,D_with_TF,True,1.7320508075688772,1.7320508075688772,0.34641016151377546,0.4111111111111111,9,0.0659303446394266,0.037439781443616774,0.22977900446208796,0.7264075267024543,-0.09295968201864736,-0.532230545724997,0.016256755088198543,0.008330488330484546,0.007891237279499641,0.75,81.0,17.134999999999998,2.346896266362109,0.5377472708294431,0.027386464018527137,0.005874906471330956,2.472956421512906,0.41602590699290026
anti_like_J_positive,D_with_TF,True,1.7320508075688772,1.7320508075688772,0.34641016151377546,0.4388888888888889,9,0.007184216869442583,-0.012986296519747004,0.1731263770856513,0.7819505456338586,-0.21004306596778766,-0.36948611204387416,0.021568205240641118,0.011114442099834858,0.012272405175862713,0.75,81.0,17.134999999999998,3.2336844938812184,0.6949851624423292,0.03173961904269575,0.006974743500123121,2.4597074695741767,0.4336267359249421
anti_like_J_positive,D_with_TF,True,1.7320508075688772,1.7320508075688772,0.34641016151377546,0.4666666666666667,9,-0.09581342164512402,-0.05378382063072882,-0.019828340196527284,0.8233291886300451,-0.3078277146993175,-0.06564251943626638,0.02787258888460544,0.014188739409343886,0.017151668053712044,0.75,81.0,17.134999999999998,4.861957041641937,0.8990498133067789,0.03633162009743098,0.008173106972574352,2.4336334310243726,0.4477484390094582
anti_like_J_positive,D_with_TF,True,1.7320508075688772,1.7320508075688772,0.34641016151377546,0.49444444444444446,9,-0.11261926519992792,-0.07766530971133798,-0.04458299412875913,0.8612099306196666,-0.3749691026664663,0.20828934384121042,0.03505432989803629,0.017426394335059634,0.019424671858929876,0.75,81.0,17.134999999999998,4.622767976512969,0.867155814207274,0.0410445875543359,0.009441983888056603,2.4002736361981936,0.4526413231111429
anti_like_J_positive,D_with_TF,True,1.7320508075688772,1.7320508075688772,0.34641016151377546,0.5222222222222223,9,-0.04422361264348576,-0.0865203965165606,0.23707233516677212,0.8957278848363052,-0.4088633619342672,0.39885025813439934,0.04270609943158432,0.020627614527662524,0.019431240753471996,0.75,81.0,17.134999999999998,2.6211889330551132,0.6286418242649625,0.04579354325604967,0.010757127257779565,2.3648694154654475,0.44760253436868247
anti_like_J_positive,D_with_TF,True,1.7320508075688772,1.7320508075688772,0.34641016151377546,0.55,9,0.06841238365666953,-0.09100588071710981,0.22214108357218285,0.9229568304641751,-0.406745761296041,0.4540005872136083,0.05004226009133034,0.023494480153166443,0.019283372980818274,0.75,81.0,17.134999999999998,1.608838562100394,0.4699180238212192,0.05054691320639545,0.012106841976969355,2.330889050235542,0.435276213874235
anti_like_J_positive,D_with_TF,True,1.7320508075688772,1.7320508075688772,0.34641016151377546,0.64,9,-0.1285896993644038,-0.0445674748943759,-0.4037085743490804,0.9676786167854766,-0.0930307180480322,-0.34630415791140307,0.06177735037674814,0.028629868578214073,0.0236656530689388,0.75,81.0,17.134999999999998,3.608840574787039,0.9275089527359677,0.066612565274363,0.016888202407811477,2.2234530016547245,0.42610635757739357
anti_like_J_positive,D_with_TF,True,1.7320508075688772,1.7320508075688772,0.34641016151377546,0.73,9,-0.0694325200293382,-0.13615071734721312,0.2260672414461229,0.8935957324373106,0.4702470794316946,0.13741845509740602,0.06024367725835944,0.02763905677328025,0.021465565337268608,0.75,81.0,17.134999999999998,6.913225250432465,1.141549365369877,0.08586600831127048,0.022949346188544162,2.0660734903197446,0.4722093163041111
anti_like_J_positive,D_with_TF,True,1.7320508075688772,1.7320508075688772,0.34641016151377546,0.8200000000000001,9,-0.4124704708282002,-0.3893572250348787,0.16383322976149653,0.8691661675306893,0.609350234630469,0.6532434212936755,0.07122922072862689,0.030050373739725324,0.02752300971441153,0.75,81.0,17.134999999999998,3.4379964487004315,0.9885149569741967,0.10656755830793238,0.02978554401199523,1.8510836183903565,0.48344509148359804
anti_like_J_positive,D_with_TF,True,1.7320508075688772,1.7320508075688772,0.34641016151377546,0.91,9,-0.32096843771402456,-0.37871206310896677,0.24814087990842268,0.9024307554418525,0.4108535905882429,0.4189382058676122,0.11432075727352348,0.04471504710545008,0.013238615812022667,0.5,81.0,17.134999999999998,6.716401427049623,1.22554012977973,0.12408603451770654,0.03587152872328444,1.5897968681844072,0.3746958986587833
anti_like_J_positive,D_with_TF,True,1.7320508075688772,1.7320508075688772,0.34641016151377546,1.0,9,-0.3080987606357374,-0.25601512451167224,0.03291628224378711,0.9553662363506561,0.3559620750534652,-0.10896626962107311,0.17820990743028442,0.06884728272753114,0.040606324404080366,0.5,81.0,17.134999999999998,3.1430154458100614,0.9552921852276369,0.1391745542212993,0.041381047750514544,1.4768890890484598,0.3880881825449285
ferro_like_J_negative,D_no_TF,False,-1.7320508075688772,1.7320508075688772,0.34641016151377546,0.02,9,,,,,,,1.932481952238163e-15,4.595730591255098e-16,0.0,0.5,81.0,17.134999999999998,7.702087480296339,1.5206485958645086,1.957649530109116e-16,-1.2335811384723961e-17,0.05601269403293663,0.0862351990518392
ferro_like_J_negative,D_no_TF,False,-1.7320508075688772,1.7320508075688772,0.34641016151377546,0.04,9,,,,,,,1.5265566588595902e-15,6.588084429268946e-16,5.886524510303552e-16,1.0,81.0,17.134999999999998,8.928155268476774,1.7065465112136111,5.339044173024856e-17,-3.700743415417188e-17,0.18261499329197056,0.16693862459702183
ferro_like_J_negative,D_no_TF,False,-1.7320508075688772,1.7320508075688772,0.34641016151377546,0.06,9,,,,,,,1.4444434628144629e-15,5.049953108850982e-16,3.631295446066946e-16,1.0,81.0,17.134999999999998,9.439199189947768,1.7935452200858586,-1.957649530109117e-16,-1.603655480014115e-16,0.3521710016172615,0.23966345080141746
ferro_like_J_negative,D_no_TF,False,-1.7320508075688772,1.7320508075688772,0.34641016151377546,0.08,9,,,,,,,1.778663901003769e-15,1.9762932233375214e-16,0.0,0.25,81.0,17.134999999999998,9.159285254300984,1.7729554064892141,1.7796813910082836e-17,-1.8503717077085943e-16,0.5454907447799374,0.3025235212235209
ferro_like_J_negative,D_no_TF,False,-1.7320508075688772,1.7320508075688772,0.34641016151377546,0.1,9,,,,,,,2.0284640815444294e-15,4.756977588463787e-16,1.4108493968166328e-16,0.75,81.0,17.134999999999998,8.133194839623151,1.6505493708858205,-1.7796813910082883e-16,-9.868649107779169e-17,0.7469034243887328,0.35427205000109024
ferro_like_J_negative,D_no_TF,False,-1.7320508075688772,1.7320508075688772,0.34641016151377546,0.14,9,,,,,,,1.208521070081617e-15,3.6390643584935686e-16,2.8391788465931673e-16,0.5,81.0,17.134999999999998,4.6095182610989545,1.1930724700992905,1.2457769737058014e-16,-8.635067969306773e-17,1.1273556601274477,0.42277443995405245
ferro_like_J_negative,D_no_TF,False,-1.7320508075688772,1.7320508075688772,0.34641016151377546,0.18,9,,,,,,,1.172096304359442e-15,3.7155026524322815e-16,2.093203479189761e-16,0.1,81.0,17.134999999999998,2.504222575764118,0.7881957142898148,-5.33904417302487e-17,-8.635067969306773e-17,1.4323971155951993,0.4475560956289894
ferro_like_J_negative,D_no_TF,False,-1.7320508075688772,1.7320508075688772,0.34641016151377546,0.21999999999999997,9,,,,,,,1.0974987676191014e-15,5.520896768339005e-16,7.517076032254994e-16,2.0,81.0,17.134999999999998,2.994431432668693,0.7674797438572459,-8.898406955041449e-17,-2.4671622769447922e-17,1.6478521976257532,0.4376316531589447
ferro_like_J_negative,D_no_TF,False,-1.7320508075688772,1.7320508075688772,0.34641016151377546,0.26,9,,,,,,,8.7545416269407e-16,2.410610023584547e-16,0.0,1.5,81.0,17.134999999999998,2.3897218886392095,0.583553709810726,1.7796813910082827e-17,-4.9343245538895844e-17,1.7934705018729165,0.4125893951759121
ferro_like_J_negative,D_no_TF,False,-1.7320508075688772,1.7320508075688772,0.34641016151377546,0.3,9,,,,,,,1.2940948585320226e-15,2.431817118594639e-16,0.0,1.0,81.0,17.134999999999998,1.0395061949461135,0.39861005796205984,7.118725564033142e-17,1.2335811384723962e-16,1.893640466837312,0.39694235608163503
ferro_like_J_negative,D_no_TF,False,-1.7320508075688772,1.7320508075688772,0.34641016151377546,0.3277777777777778,9,,,,,,,1.2940948585320226e-15,2.9567102761204393e-16,2.093203479189761e-16,1.5,81.0,17.134999999999998,3.295893167047838,0.6572977275348886,-2.4915539474116037e-16,-7.401486830834377e-17,1.93957210236515,0.38846244118774387
ferro_like_J_negative,D_no_TF,False,-1.7320508075688772,1.7320508075688772,0.34641016151377546,0.35555555555555557,9,,,,,,,1.6144375089135146e-15,2.2731138463972465e-16,0.0,0.75,81.0,17.134999999999998,5.4259688626308975,0.8958392640026739,-2.491553947411603e-16,-2.220446049250313e-16,1.9666414394184375,0.3808590358937666
ferro_like_J_negative,D_no_TF,False,-1.7320508075688772,1.7320508075688772,0.34641016151377546,0.3833333333333333,9,,,,,,,1.1830725560695069e-15,3.718066054213969e-16,3.2034265038149176e-16,0.75,81.0,17.134999999999998,6.634227120923938,1.017636993322295,-1.0678088346049735e-16,-7.401486830834377e-17,1.9782307434167872,0.373853534027054
ferro_like_J_negative,D_no_TF,False,-1.7320508075688772,1.7320508075688772,0.34641016151377546,0.4111111111111111,9,,,,,,,1.2940948585320226e-15,3.0010666942472794e-16,8.557378845040546e-17,1.0,81.0,17.134999999999998,6.605512420629169,0.9902298246653076,1.423745112806629e-16,9.868649107779169e-17,1.9803523657602813,0.37040128202509753
ferro_like_J_negative,D_no_TF,False,-1.7320508075688772,1.7320508075688772,0.34641016151377546,0.4388888888888889,9,,,,,,,2.5835755938570077e-15,7.53315632370171e-16,4.059164388318973e-16,2.0,81.0,17.134999999999998,5.464855492916016,0.8582755106934368,-4.44920347752072e-16,-2.220446049250313e-16,1.9796500000060122,0.37674890984135595
ferro_like_J_negative,D_no_TF,False,-1.7320508075688772,1.7320508075688772,0.34641016151377546,0.4666666666666667,9,,,,,,,1.1830725560695069e-15,4.142750421009277e-16,3.885780586188048e-16,0.75,81.0,17.134999999999998,3.9645543954065965,0.712385785944361,-7.118725564033164e-17,4.9343245538895844e-17,1.9798290317181992,0.38844581832394415
ferro_like_J_negative,D_no_TF,False,-1.7320508075688772,1.7320508075688772,0.34641016151377546,0.49444444444444446,9,,,,,,,7.771561172376096e-16,2.3559999983309584e-16,8.557378845040546e-17,0.0,81.0,17.134999999999998,3.6656967796344935,0.7520692860728023,3.559362782016562e-17,-4.9343245538895844e-17,1.9794800927420464,0.39921185502464607
ferro_like_J_negative,D_no_TF,False,-1.7320508075688772,1.7320508075688772,0.34641016151377546,0.5222222222222223,9,,,,,,,1.528863720463109e-15,3.231702630495041e-16,1.1102230246251565e-16,1.5,81.0,17.134999999999998,4.775275814836385,0.9639008450109452,-1.9576495301091173e-16,-1.4802973661668753e-16,1.9736994542666497,0.4065357886131547
ferro_like_J_negative,D_no_TF,False,-1.7320508075688772,1.7320508075688772,0.34641016151377546,0.55,9,,,,,,,1.195796813075562e-15,3.513764016539674e-16,1.5380919668771828e-16,0.75,81.0,17.134999999999998,5.621924433710551,1.1350123760110216,-1.4237451128066308e-16,-1.2335811384723961e-17,1.9567415478033057,0.41049413371025884
ferro_like_J_negative,D_no_TF,False,-1.7320508075688772,1.7320508075688772,0.34641016151377546,0.64,9,,,,,,,5.551115123125783e-16,1.5349073914204646e-16,0.0,0.0,81.0,17.134999999999998,3.234484421765739,0.6993597739846765,1.0678088346049723e-16,9.868649107779169e-17,1.8009156410982081,0.432226487270327
ferro_like_J_negative,D_no_TF,False,-1.7320508075688772,1.7320508075688772,0.34641016151377546,0.73,9,,,,,,,1.6699486601447724e-15,3.4591539912860847e-16,2.220446049250313e-16,0.1,81.0,17.134999999999998,6.471910337664215,1.1520544285282368,1.7796813910082765e-17,-2.713878504639272e-16,1.593749162658004,0.431120078981557
ferro_like_J_negative,D_no_TF,False,-1.7320508075688772,1.7320508075688772,0.34641016151377546,0.8200000000000001,9,,,,,,,1.2385837073007647e-15,3.848493199731239e-16,0.0,1.0,81.0,17.134999999999998,2.8739027529657757,0.9229176538602544,-5.339044173024872e-17,-1.9737298215558337e-16,1.4080777748838618,0.3780936134039929
ferro_like_J_negative,D_no_TF,False,-1.7320508075688772,1.7320508075688772,0.34641016151377546,0.91,9,,,,,,,1.1125300862286753e-15,3.077504988185992e-16,9.829804545646046e-17,0.1,81.0,17.134999999999998,2.8061383833494147,0.8484548121030342,-3.559362782016585e-17,1.4802973661668753e-16,1.2822158505953647,0.349734918044647
ferro_like_J_negative,D_no_TF,False,-1.7320508075688772,1.7320508075688772,0.34641016151377546,1.0,9,,,,,,,1.2813706015259676e-15,3.3505551144539373e-16,1.1102230246251565e-16,3.0,81.0,17.134999999999998,7.066816920336121,1.1356215685529303,-3.737330921117406e-16,-4.440892098500626e-16,1.4689075140718248,0.4097614397592714
anti_like_J_positive,D_no_TF,False,1.7320508075688772,1.7320508075688772,0.34641016151377546,0.02,9,,,,,,,3.2254232799684263e-15,9.92710423570529e-16,6.591949208711867e-16,2.0,81.0,17.134999999999998,9.083608417183832,1.8121228498563902,-1.0678088346049734e-16,-6.167905692361981e-17,0.05612535338270757,0.086332058746934
anti_like_J_positive,D_no_TF,False,1.7320508075688772,1.7320508075688772,0.34641016151377546,0.04,9,,,,,,,1.700029006457271e-15,1.8889211182858566e-16,0.0,1.5,81.0,17.134999999999998,11.544137130015706,2.269583917130537,1.601713251907458e-16,-6.167905692361981e-17,0.18407425519160492,0.16767233815429528
anti_like_J_positive,D_no_TF,False,1.7320508075688772,1.7320508075688772,0.34641016151377546,0.06,9,,,,,,,1.817990202823694e-15,6.283534247323377e-16,3.2034265038149176e-16,1.5,81.0,17.134999999999998,12.88219389168154,2.567567450084306,-2.3135858083107747e-16,0.0,0.3584488051255723,0.2419529800712582
anti_like_J_positive,D_no_TF,False,1.7320508075688772,1.7320508075688772,0.34641016151377546,0.08,9,,,,,,,1.0847745106130463e-15,1.855498511271969e-16,0.0,0.5,81.0,17.134999999999998,12.878089607784778,2.6714805553620264,-1.2457769737058016e-16,-1.603655480014115e-16,0.562547967932277,0.30743210940047416
anti_like_J_positive,D_no_TF,False,1.7320508075688772,1.7320508075688772,0.34641016151377546,0.1,9,,,,,,,1.0419876163878436e-15,1.527838359750434e-16,0.0,2.0,81.0,17.134999999999998,11.577714352945893,2.58002861838756,5.339044173024862e-17,1.1102230246251565e-16,0.7827034217374317,0.3627744811176444
anti_like_J_positive,D_no_TF,False,1.7320508075688772,1.7320508075688772,0.34641016151377546,0.14,9,,,,,,,1.208521070081617e-15,2.37720709334105e-16,0.0,0.1,81.0,17.134999999999998,6.458553975850107,1.9591966587881506,1.2457769737058009e-16,-8.635067969306773e-17,1.2274213434290653,0.4403216364024644
anti_like_J_positive,D_no_TF,False,1.7320508075688772,1.7320508075688772,0.34641016151377546,0.18,9,,,,,,,7.771561172376096e-16,1.4802973661668753e-16,0.0,0.75,81.0,17.134999999999998,3.726745594553502,1.1778777155896334,2.3135858083107737e-16,0.0,1.6260532978594038,0.4748276565493382
anti_like_J_positive,D_no_TF,False,1.7320508075688772,1.7320508075688772,0.34641016151377546,0.21999999999999997,9,,,,,,,6.406853007629837e-16,2.0142017834693617e-16,0.0,3.0,81.0,17.134999999999998,2.0927635742762867,0.7140739374892636,3.559362782016572e-17,-2.4671622769447922e-17,1.945192883855583,0.47383771046061973
anti_like_J_positive,D_no_TF,False,1.7320508075688772,1.7320508075688772,0.34641016151377546,0.26,9,,,,,,,8.7545416269407e-16,2.602716226025437e-16,2.093203479189761e-16,0.75,81.0,17.134999999999998,2.584003142318072,0.6714023373628303,-7.11872556403315e-17,-9.868649107779169e-17,2.1798172635818283,0.4492716154209804
anti_like_J_positive,D_no_TF,False,1.7320508075688772,1.7320508075688772,0.34641016151377546,0.3,9,,,,,,,1.0974987676191014e-15,2.780684365126266e-16,0.0,0.75,81.0,17.134999999999998,6.227762225605619,0.9515892186811978,-2.491553947411603e-16,-4.9343245538895844e-17,2.3418171074043634,0.4161307902361253
anti_like_J_positive,D_no_TF,False,1.7320508075688772,1.7320508075688772,0.34641016151377546,0.3277777777777778,9,,,,,,,5.423872553065231e-16,2.211434789473627e-16,1.7289558219680108e-16,1.0,81.0,17.134999999999998,7.477282334559613,1.0423681640280096,-1.0678088346049731e-16,-2.590520390792032e-16,2.4194200270274084,0.3969456777551282
anti_like_J_positive,D_no_TF,False,1.7320508075688772,1.7320508075688772,0.34641016151377546,0.35555555555555557,9,,,,,,,1.195796813075562e-15,3.274116820515225e-16,0.0,3.0,81.0,17.134999999999998,6.856005939284686,0.9532051029773139,-1.2457769737058016e-16,-4.9343245538895844e-17,2.472472393446063,0.38995406357115275
anti_like_J_positive,D_no_TF,False,1.7320508075688772,1.7320508075688772,0.34641016151377546,0.3833333333333333,9,,,,,,,1.3923929039884833e-15,1.7392094290947605e-16,0.0,0.1,81.0,17.134999999999998,4.6013539387582165,0.7159988113375545,-8.898406955041449e-17,-2.4671622769447922e-17,2.503318212440382,0.4024684940827859
anti_like_J_positive,D_no_TF,False,1.7320508075688772,1.7320508075688772,0.34641016151377546,0.4111111111111111,9,,,,,,,7.644318602315544e-16,1.1648330498787458e-16,0.0,0.75,81.0,17.134999999999998,2.4675537881525456,0.5311618685462977,2.491553947411602e-16,3.9474596431116675e-16,2.5142391172336715,0.4220167038816952
anti_like_J_positive,D_no_TF,False,1.7320508075688772,1.7320508075688772,0.34641016151377546,0.4388888888888889,9,,,,,,,8.62729905688015e-16,1.6987374671812323e-16,0.0,0.1,81.0,17.134999999999998,3.7487055089527046,0.7250882456208941,1.2457769737058009e-16,-1.2335811384723961e-17,2.5083344381498573,0.4406547998988424
anti_like_J_positive,D_no_TF,False,1.7320508075688772,1.7320508075688772,0.34641016151377546,0.4666666666666667,9,,,,,,,1.195796813075562e-15,3.4360046681693364e-16,9.829804545646046e-17,1.5,81.0,17.134999999999998,5.354390568879567,0.931146653354669,-2.1356176692099462e-16,-3.0839528461809903e-16,2.4898773260587763,0.4558894894579899
anti_like_J_positive,D_no_TF,False,1.7320508075688772,1.7320508075688772,0.34641016151377546,0.49444444444444446,9,,,,,,,1.4051171609945382e-15,3.7109970225439384e-16,0.0,0.1,81.0,17.134999999999998,5.371032479001169,0.9397330715868668,-1.245776973705802e-16,-2.713878504639272e-16,2.463896656655711,0.4618300272533041
anti_like_J_positive,D_no_TF,False,1.7320508075688772,1.7320508075688772,0.34641016151377546,0.5222222222222223,9,,,,,,,1.3923929039884833e-15,5.423872553065232e-16,4.440892098500626e-16,1.5,81.0,17.134999999999998,3.9861915281277898,0.8015513005488484,-3.2034265038149186e-16,-1.9737298215558337e-16,2.4350124654507974,0.45773348322000423
anti_like_J_positive,D_no_TF,False,1.7320508075688772,1.7320508075688772,0.34641016151377546,0.55,9,,,,,,,1.1830725560695069e-15,3.6968589592038773e-16,3.2034265038149176e-16,3.0,81.0,17.134999999999998,2.8060872337460387,0.7214767384089272,-1.2457769737058026e-16,-1.603655480014115e-16,2.4060679455373446,0.4463157323078255
anti_like_J_positive,D_no_TF,False,1.7320508075688772,1.7320508075688772,0.34641016151377546,0.64,9,,,,,,,5.423872553065231e-16,1.3762041192230718e-16,1.2724257006055198e-17,3.0,81.0,17.134999999999998,4.987706657285195,1.1405035539842538,5.339044173024857e-17,3.700743415417188e-17,2.3044494883510658,0.43870173166973747
anti_like_J_positive,D_no_TF,False,1.7320508075688772,1.7320508075688772,0.34641016151377546,0.73,9,,,,,,,1.127561404838249e-15,4.4389498703939703e-16,4.186406958379524e-16,1.5,81.0,17.134999999999998,7.256958373861572,1.232553084176564,-1.245776973705802e-16,-3.3306690738754696e-16,2.1581631737912543,0.489713929101556
anti_like_J_positive,D_no_TF,False,1.7320508075688772,1.7320508075688772,0.34641016151377546,0.8200000000000001,9,,,,,,,6.534095577690387e-16,1.5349073914204646e-16,0.0,3.0,81.0,17.134999999999998,2.6985663264650572,0.8253128021016423,4.09326719931906e-16,3.3306690738754696e-16,1.9663435698246587,0.49993108292700267
anti_like_J_positive,D_no_TF,False,1.7320508075688772,1.7320508075688772,0.34641016151377546,0.91,9,,,,,,,1.0974987676191014e-15,1.603655480014115e-16,0.0,3.0,81.0,17.134999999999998,5.828972873155623,1.2346210832161977,4.271235338419888e-16,4.934324553889585e-16,1.7108686239951885,0.3890461109893478
anti_like_J_positive,D_no_TF,False,1.7320508075688772,1.7320508075688772,0.34641016151377546,1.0,9,,,,,,,1.157624042057397e-15,3.7161238261073137e-16,1.965960909129211e-16,1.5,81.0,17.134999999999998,3.2891627007144932,0.8958521510859055,-1.6017132519074615e-16,-2.3438041630975528e-16,1.5877045200772548,0.4074595422537956
